region,district,nom
Nord,Bibemi,CSI Adoumri
Nord,Bibemi,CSI Haoussari-Adoumri
Nord,Bibemi,CSI Ouro-Kéou
Nord,Bibemi,HD de Bibemi
Nord,Bibemi,Centre de Sante Mariana
Nord,Bibemi,CSI de Bibemi
Nord,Bibemi,CSI de Lombo
Nord,Bibemi,CSI de Bide
Nord,Bibemi,CSI de Dengui
Nord,Bibemi,CSI Douloumi
Nord,Bibemi,CSI de Djaloumi
Nord,Bibemi,CSI de Kakou
Nord,Bibemi,CSI de Houla
Nord,Bibemi,CSI de Lam
Nord,Bibemi,CSI mandjola
Nord,Bibemi,CSI de Mayo Lope
Nord,Bibemi,CSI de Famou
Nord,Bibemi,CSI de Mbella
Nord,Bibemi,CSI de Ndiam-Badi
Nord,Bibemi,CSI de Hamalade
Nord,Bibemi,CSI de Padarme
Nord,Figuil,CSI de Badadji (PSF)
Nord,Figuil,CSI de Djabe
Nord,Figuil,CSI de Kakala
Nord,Figuil,CSI de Pelgue
Nord,Figuil,CSI de Batao
Nord,Figuil,CSI de Bidzar (PSF)
Nord,Figuil,CSI de Biou
Nord,Figuil,CSI Indjode
Nord,Figuil,CSI de Djougui
Nord,Figuil,HD Figuil
Nord,Figuil,CS l'Amitié
Nord,Figuil,CSI de Figuil
Nord,Figuil,Centre de Sante Catholique Marie Immaculee de Karewa
Nord,Figuil,CSI Bouba-Djara
Nord,Figuil,CMA Lam (Ex CSI)
Nord,Figuil,CS Catholique de Lam
Nord,Figuil,CSI de Kong Kong
Nord,Figuil,CSI Douva Lam
Nord,Garoua 1,CSI de Bangli
Nord,Garoua 1,CSI de Nakong
Nord,Garoua 1,CSI de Tcharatche
Nord,Garoua 1,CSI Malape
Nord,Garoua 1,CSI Ouro Ardo
Nord,Garoua 1,Hopital Notre Dame des Apotres de Djamboutou
Nord,Garoua 1,CMA Djamboutou (Ex CSI)
Nord,Garoua 1,CS Islamique Albiri
Nord,Garoua 1,CSI MAYAMI
Nord,Garoua 1,Hopital Regional de Garoua
Nord,Garoua 1,Centre Medico-Social CNPS
Nord,Garoua 1,CMM 4° BIR
Nord,Garoua 1,Centre de Promotion de la Femme et de la Famille
Nord,Garoua 1,Centre Medical de La Surete Nationale
Nord,Garoua 1,Centre Médical Bethel
Nord,Garoua 1,CSI Base aérienne
Nord,Garoua 1,CSI de Kollere
Nord,Garoua 1,CSI Lamidat
Nord,Garoua 1,CVI Garoua
Nord,Garoua 1,Infirmerie de l'Aéroport de Garoua (PSF)
Nord,Garoua 1,Infirmerie de la SNEC
Nord,Garoua 1,Infirmerie de la Sonel
Nord,Garoua 1,Infirmerie Prison Centrale de Garoua
Nord,Garoua 1,Centre Medical Martin Luther
Nord,Garoua 1,Clinique Djamboutou
Nord,Garoua 1,CSI de Ouro Kanadi
Nord,Garoua 1,Hopital Esperence UEBC
Nord,Garoua 1,CSI de Garoua Windé
Nord,Garoua 1,CSI Ouro-Labo
Nord,Garoua 1,CSI de Barmari (PSF)
Nord,Garoua 1,CSI Garoua 1 Lowel
Nord,Garoua 1,CSI Souari
Nord,Garoua 2,Cabinet de Soins Solidarité
Nord,Garoua 2,CSI de Foulbere
Nord,Garoua 2,CSI de Kotta Liddire
Nord,Garoua 2,CMA de Lainde
Nord,Garoua 2,CSI de Nassarao
Nord,Garoua 2,Cabinet de soin Marouare
Nord,Garoua 2,Centre Medical Jesus Sauve Et Guerit
Nord,Garoua 2,Clinique Southia Sarl
Nord,Garoua 2,CSI de Poumpoumre
Nord,Garoua 2,HMR3 (Hôpital Militaire de Garoua)
Nord,Garoua 2,Clinique VISION
Nord,Garoua 2,CSI de Manfred Selle (Closed)
Nord,Garoua 2,CSI de Roumde Adja
Nord,Garoua 2,Hôpital Général de Garoua (HGG)
Nord,Garoua 2,Cabinet de soins As Salam
Nord,Garoua 2,CSI de Ouro Ngalbidjé
Nord,Garoua 2,CSI de Takasko
Nord,Garoua 2,IGM BA 301 (Infirmerie base aérienne 301)
Nord,Gaschiga,CSI Barndake (PSF)
Nord,Gaschiga,CSI Bilassi (PSF)
Nord,Gaschiga,CSI de Tchirkontchi
Nord,Gaschiga,CSI Guerete
Nord,Gaschiga,CSI TAWOI
Nord,Gaschiga,CMA Bacheo (PSF)
Nord,Gaschiga,CSI de Bascheo
Nord,Gaschiga,CSI Djalingo Belel (PSF)
Nord,Gaschiga,CSI de Dembo
Nord,Gaschiga,CSI de Bamanga (PSF)
Nord,Gaschiga,CSI de Demsa (PSF)
Nord,Gaschiga,CSI Ouro Malloum (PSF)
Nord,Gaschiga,CSI de Djatoumi (PSF)
Nord,Gaschiga,HD de Gaschiga
Nord,Gaschiga,CSI de Tingling
Nord,Gaschiga,CSI Gaschiga
Nord,Gaschiga,CSI Djallou
Nord,Gaschiga,CSI de Hamakoussou
Nord,Gaschiga,CSI de Kobossi (PSF)
Nord,Gaschiga,CSI MBABI
Nord,Gaschiga,CSI de Pomla Manga
Nord,Gaschiga,CSI Kollere Demsa
Nord,Gaschiga,CSI de Rognou
Nord,Golombe,CSI de Babouri
Nord,Golombe,CSI de Bissoli
Nord,Golombe,CSI de Djabi
Nord,Golombe,CSI de Sorawel
Nord,Golombe,CSI de Sossilim
Nord,Golombe,CMA de Tchontchi
Nord,Golombe,CSI de Tchontchi
Nord,Guider,CSI de Balga
Nord,Guider,CSP de SERME
Nord,Guider,CMA Douroum(Ex CSI)
Nord,Guider,CSI Gaval
Nord,Guider,CSI Paha
Nord,Guider,CSI Gorom
Nord,Guider,HR annexe Guider (Ex HD)
Nord,Guider,CSI Guider
Nord,Guider,CSI Mayo-Loue
Nord,Guider,CSI Prive le Marseillais
Nord,Guider,Infirmerie de la Prison
Nord,Guider,CSI Larbak
Nord,Guider,CSI Libe
Nord,Guider,CSI de Boukadji
Nord,Guider,CSI de Lougguere
Nord,Guider,CSI de Matafal
Nord,Guider,CS Protestant de Morija
Nord,Guider,CSP de Falama
Nord,Guider,CSI Beli
Nord,Guider,CSI de Mousgoy
Nord,Guider,CS Ste Martine
Nord,Guider,CSI de Ouro-Tara
Nord,Guider,CSP GRACE DIVINE
Nord,Guider,CS Mayel-Poli
Nord,Guider,CSI Soukoundou
Nord,Guider,CSP BETHESDA
Nord,Lagdo,CSI Badankali
Nord,Lagdo,CSI Bakona
Nord,Lagdo,CSI Bourkina
Nord,Lagdo,CSI Bame
Nord,Lagdo,CSI Djoulol Bocki
Nord,Lagdo,CSI Bocki
Nord,Lagdo,CSI Kate
Nord,Lagdo,CSI Dingale
Nord,Lagdo,HD Lagdo
Nord,Lagdo,CS Islamique
Nord,Lagdo,CSI Communautaire
Nord,Lagdo,CSI de Badjaoule
Nord,Lagdo,CSI Djipporde
Nord,Lagdo,CSI Lagdo Urbain
Nord,Lagdo,CMA Gouna (Ex CSI)
Nord,Lagdo,CSI Djamboutou Gouna
Nord,Lagdo,CSI Zera
Nord,Lagdo,CSI Djanga
Nord,Lagdo,CSI de la Zone de Recasement
Nord,Lagdo,CSI Gounougou
Nord,Lagdo,CSI Lamoudam
Nord,Lagdo,CSI Naari
Nord,Lagdo,CSI Ouro Kessoum
Nord,Lagdo,CSI Tongo
Nord,Mayo Oulo,CSI Bossoum
Nord,Mayo Oulo,CSI Doumo (PSF)
Nord,Mayo Oulo,CSI Dourbeye
Nord,Mayo Oulo,CSI Goloza
Nord,Mayo Oulo,CSI Guirviza (PSF)
Nord,Mayo Oulo,CSI Mandama
Nord,Mayo Oulo,CSI Douzen
Nord,Mayo Oulo,HD Mayo Oulo
Nord,Mayo Oulo,CMM 43° BIM
Nord,Mayo Oulo,CSI Mayo Oulo
Nord,Mayo Oulo,CSI Mouroum
Nord,Mayo Oulo,CSI Pologozom
Nord,Mayo Oulo,CSI Wafo
Nord,Ngong,CSI De Babla
Nord,Ngong,CSI De Kismatari
Nord,Ngong,CSI Borongo
Nord,Ngong,CSI De Badang
Nord,Ngong,CSI DOUNDEHI
Nord,Ngong,CSI De Boumedje
Nord,Ngong,Centre Hospitalier Régional (CHR) Garoua
Nord,Ngong,CMA Bockle
Nord,Ngong,CSI De Djalingo
Nord,Ngong,CSI Haigadjewa
Nord,Ngong,CSI Kaoutal
Nord,Ngong,CSI De Djefatou
Nord,Ngong,CSI De Karewa
Nord,Ngong,CSI De Lainde Tchitta
Nord,Ngong,CSI De Mbaga
Nord,Ngong,CSI Lainde Massa
Nord,Ngong,CSI Ndjola
Nord,Ngong,HD de Ngong
Nord,Ngong,CS Angélique le Sourd de Ngong
Nord,Ngong,CS Jesus Sauve et Guerit de Ngong
Nord,Ngong,CS la Confiance Barmari de Ngong
Nord,Ngong,CSI de Adamaoua
Nord,Ngong,CSI De Ngong
Nord,Ngong,CSI de Winde-Ngong
Nord,Ngong,Infirmerie Sodecoton de Ngong
Nord,Ngong,CSI Sanguere Ngal
Nord,Ngong,CSI Tcheboa
Nord,Ngong,CSI de Mafa-Tcheboa
Nord,Ngong,CSI Malla
Nord,Ngong,CMA Touroua
Nord,Ngong,CS Cath St Vincent De Paul
Nord,Ngong,CSI Ouro Sékéhi
Nord,Ngong,CSI Boguel
Nord,Pitoa,CSI de Badjengo
Nord,Pitoa,CSI Badjouma Centre
Nord,Pitoa,CSI deTam
Nord,Pitoa,CSI Badjouma Radier
Nord,Pitoa,CSI de Sabongari
Nord,Pitoa,CSI de Banaye
Nord,Pitoa,CSI de Pene
Nord,Pitoa,CSI de Poussane
Nord,Pitoa,CSI de Tcholloram
Nord,Pitoa,CSI de Be
Nord,Pitoa,CSI Babanguel
Nord,Pitoa,CSI de Boula Ibib
Nord,Pitoa,CSI de Dolla
Nord,Pitoa,CSI de Sekande
Nord,Pitoa,CSI de Holma
Nord,Pitoa,CSI de Bouli
Nord,Pitoa,CSI de Langui
Nord,Pitoa,HD de Pitoa
Nord,Pitoa,CS Notre Dame du Perpetuel Secours
Nord,Pitoa,CSI de Dollere
Nord,Pitoa,CSI de Guebake
Nord,Pitoa,CSI de Pitoa
Nord,Poli,CS Protestant de Balkossa
Nord,Poli,CSI de Malkoga (PSF)
Nord,Poli,CMA de Beka
Nord,Poli,CSI de Pomla
Nord,Poli,CSI de Bimba
Nord,Poli,CSI de Nyimdelou
Nord,Poli,CSI YELLI
Nord,Poli,CSI de Boumba
Nord,Poli,CSI de Djoumte
Nord,Poli,CSI de Tete
Nord,Poli,CS Privee Catholique De Fignole
Nord,Poli,CSI de Fignole Public
Nord,Poli,CSI de Gode
Nord,Poli,HD Poli
Nord,Poli,CMM 32° BIM (Infirmerie de Garnison Poli)
Nord,Poli,CS Protestant de Poli
Nord,Poli,CSI de Bantadje
Nord,Poli,CSI de Poli
Nord,Poli,CSI de Sirdjam
Nord,Poli,CSI de Kourtesse
Nord,Poli,CSI de Tapare
Nord,Poli,CS Privé Catholique St Lazare de Ndingtire
Nord,Poli,CSI de Djalingo
Nord,Poli,CSI de Tchamba
Nord,Poli,CSI Guede
Nord,Poli,CSI de Gormaya
Nord,Poli,CSI de Mana
Nord,Poli,CSI de Wangai
Nord,Rey Bouba,CSI Alpha
Nord,Rey Bouba,CSI de Dame
Nord,Rey Bouba,CSI Baikwa
Nord,Rey Bouba,CSI de Badjari
Nord,Rey Bouba,CSI de Bere
Nord,Rey Bouba,CSI de Djamare
Nord,Rey Bouba,CSI de Djouroum
Nord,Rey Bouba,CSI Tatou
Nord,Rey Bouba,CSI Dobinga
Nord,Rey Bouba,CSI Koinderi
Nord,Rey Bouba,CSI Batao
Nord,Rey Bouba,CSI de Kong Rong
Nord,Rey Bouba,CSI de Mombore
Nord,Rey Bouba,HD de Rey Bouba
Nord,Rey Bouba,Fundacion Hospital Mayo Rey
Nord,Rey Bouba,CSI de Landou
Nord,Rey Bouba,CSI de Rey-Manga
Nord,Rey Bouba,CSI de Wafango
Nord,Rey Bouba,CSI Rey Bouba
Nord,Rey Bouba,CSI de Sinassi
Nord,Rey Bouba,CSI Somessi
Nord,Tchollire,CSI Djaba
Nord,Tchollire,CSI Dogba
Nord,Tchollire,CSI Mayo Sallah
Nord,Tchollire,CSI de Gamba
Nord,Tchollire,CSI de Leunda
Nord,Tchollire,CSI Baila
Nord,Tchollire,CSI de Boloherdje
Nord,Tchollire,CSI de Gambou
Nord,Tchollire,CSI de GOR
Nord,Tchollire,CSI wafala
Nord,Tchollire,CSI de Baoussi-Rey
Nord,Tchollire,CSI de Gop Rey
Nord,Tchollire,CSI de Hormbali
Nord,Tchollire,Oeuvre de Sante Tapen de Gop-Rey
Nord,Tchollire,CSI de Kali
Nord,Tchollire,CSI de Koum
Nord,Tchollire,CSI de Tham
Nord,Tchollire,Infirmerie Prison de Tchollire 2
Nord,Tchollire,CMA de Madingring
Nord,Tchollire,CS Catholique Notre Dame de la Miséricorde de Madingring
Nord,Tchollire,CSI de Djeing
Nord,Tchollire,CSI de Djemadjou
Nord,Tchollire,CSI de Nganadje
Nord,Tchollire,CSI Banda
Nord,Tchollire,CSI de Sakdje
Nord,Tchollire,CSI de Mayo Djarendi
Nord,Tchollire,CSI de Mbissiri Acaséo
Nord,Tchollire,CSI de Sorombeo
Nord,Tchollire,HD Tcholliré
Nord,Tchollire,CS Privé Protestant de Nounoudje
Nord,Tchollire,CSI de Mayo Galke
Nord,Tchollire,CSI de Taboun
Nord,Tchollire,CSI de Tchollire
Nord,Tchollire,IGM GN (Infirmerie Militaire Tchollire)
Nord,Tchollire,Infirmerie CPFF Tchollire
Nord,Tchollire,Infirmerie Prison Tchollire 1
Nord,Tchollire,Infirmerie sodecoton Tchollire
Nord,Touboro,CSI de DJOM
Nord,Touboro,CSI de DOMPTA
Nord,Touboro,Infirmerie COTCO PS 2
Nord,Touboro,CSI DE MAFARE
Nord,Touboro,CMA Mbai Mboum (PSF)
Nord,Touboro,CSI de Mbaka
Nord,Touboro,CSI de Mbang Rey
Nord,Touboro,CSI de Mbeing
Nord,Touboro,CSI de Ngay Lara
Nord,Touboro,CSI de Phacochere village
Nord,Touboro,CSI Mayo-Zaki
Nord,Touboro,HD TOUBORO
Nord,Touboro,Cabinet des soins Salam Touboro
Nord,Touboro,CS Esperance de Touboro
Nord,Touboro,CS JESUS SAUVE ET GUERIT
Nord,Touboro,CS Saint Camille
Nord,Touboro,CSI DE GAZAWA
Nord,Touboro,CSI DE MBALAINDE (PSF)
Nord,Touboro,CSI DE TOUBORO
Nord,Touboro,CMA DE VOGZOM (Ex CSI)
Nord,Touboro,CSI KOMBO GOUDRON
Nord,Touboro,CSI NDOCK
Nord,Touboro,CMA Yanli (ex CSI)
