code_sage;nom;unite;prix_unitaire;stock_disponible
WELLSESK_96PCRPLA;96 Well Semi-Skirted PCR Plate;Boite;.000000;.000000
ABALAM_180/_CP_OR;Abacavir + Lamivudine 120/60 mg;Boite;.000000;.000000
ABALAM_900/_CP_OR;Abacavir + Lamivudine 600/300 mg comp;Boite;.000000;.000000
ABLADO_95//_CP_OR;Abacavir 60mg + Lamivudine 30mg + Dolutégravir 5mg comp;Boite;.000000;.000000
ACCEBOXCHECK_////;Accessories box checklist;Ampoule;.000000;.000000
LYSIAC_1800_SI_IV;Acétylsalicylate de lysine 1800mg (soit 1 g d'AAS/5ml) injection;Boite;419.100000;.000000
LYSIAC_900/_SI_IV;Acétylsalicylate de lysine 900mg (soit 500mg d'AAS/5ml) injection;Boite;324.720000;.000000
ACISUF_250/_//_//;Acide sulfurique (aq) à 1/4 f/250 ml;Ampoule;.000000;.000000
ACUPAN_2///_CP_OR;ACUPAN SOL INJ 2ML AFR, B/30;Boite;2796.800000;.000000
ADAPTER/_EUUK////;Adapter EU to UK;Boite;.000000;.000000
ADAPTER/_EUUSA///;Adapter EU to USA;Boite;.000000;.000000
ADRENA_2%//_SI_IV;Adrenaline, 1mg/ml;Boite;528.000000;478.000000
ANTIHUMAAGH_IGGC;AGH Maestria IgG+C3d (4x10ml);Boite;.000000;.000000
AIGUILSERING_21G/;Aiguille à Seringue 21G;Boite;.000000;.000000
AIGEPI_UU19G//_//;Aiguille épicrânienne 19G, Luer, UU. Aigui.:section 1,10 mm  ;Boite;37.950000;.000000
AIGEPI_UU21G//_//;Aiguille épicrânienne 21, Luer, UU. Aigui.:section 0.80 mm ;Boite;42.240000;.000000
AIGEPI_UU25G//_//;Aiguille épicrânienne, Luer, UU. Aigui.:section 0.50 mm 25G, ;Boite;42.240000;8251.000000
AIGEPI_UU23G//_//;Aiguille épicrânienne, Luer, UU. Aigui.:section 0.80 mm 23G, ;Boite;46.200000;9344.000000
AIGHYP_UU21G//_//;Aiguille Hypodermique 21G;Boite;.000000;.000000
AIGHYP_UU23G//_//;Aiguille Hypodermique, Luer, Usage Unique 40 mm 23G * 1.5;Boite;12.800000;.000000
AIGVAC_///////_//;Aiguille Vacutainer;Boite;64.000000;.000000
AIGVAC_UU21G//_//;Aiguille Vacutainer 40x0.8 21Gx1.5;Boite;.000000;.000000
ALBEND_400/_CP_OR;Albendazole 400mg comprimé;Boite;198.000000;.000000
ALBEND_400/_SP_OR;Albendazole 400mg sirop;Boite;330.000000;.000000
ALCOSWAB_30X60M//;Alcohol swabs 30 x 60mm;Boite;.000000;.000000
ALCOET_70%/_CU_1/;Alcool éthylique à 70 % 1L;Bidon;2041.000000;.000000
ALCOET_95%/_CU_1/;Alcool éthylique à 95 % 1L;Boite;2041.000000;398.000000
ALERESMS_PRINTER/;Alere SMS printer;Boite;.000000;.000000
ALUMHY_500/_CP_OR;Aluminium Hydroxyde 500 mg, Comprimés;Boite;14.520000;60000.000000
AMIDER_30G/_CR_CU;Amiderm CR T/30G;Boite;1600.800000;.000000
AMLOPE_5///_CP_OR;Amloperin 5MG CP, B/30;Boite;6898.850000;.000000
AMOCLA_1125_CP_OR;Amoxycilline + Acide Clavulanique 1000mg + 125mg Comprimé;Boite;287.500000;.000000
AMOCLA_1125_SP_OR;Amoxycilline + Acide Clavulanique 1000mg + 125mg Sachet;Boite;287.500000;832.000000
AMOCLA_1200_SI_IV;Amoxycilline + Acide Clavulanique 1000mg+200mg/Flacon injection;Boite;1700.000000;.000000
AMOCLA_625/_CP_OR;Amoxycilline + Acide Clavulanique 500 mg/125 mg, Comprimés;Boite;242.870000;.000000
AMOCLA_550/_SI_IV;Amoxycilline + Acide Clavulanique 500mg+50mg/Flacon injection;Boite;.000000;.000000
AMOXYC_50//_SP_60;Amoxycilline 250 mg / 5ml, Poudre pour Sirop, 60ml ;Boite;904.200000;2528.000000
AMOXIC_250/_CP_OR;Amoxycilline 250 mg, sous blister, Comprimés;Boite;15.220000;.000000
AMOXIC_500/_CP_OR;Amoxycilline 500 mg, sous blister, Comprimés;Boite;40.260000;.000000
AMOXIC_500/_GE_OR;Amoxycilline 500 mg, sous blister, Gélule;Boite;40.260000;200500.000000
AMPEAU_312/_SI_IV;Ampiciline + Eau 1000 mg/3,2ml injection;Boite;323.400000;.000000
AMPICI_312/_SI_IV;Ampiciline 1000 mg/3,2ml injection;Boite;296.000000;26960.000000
ANALCLIN_CHEMISTR;Analyser, clinical chemistry;Boite;.000000;.000000
ANALHAEM_18//////;Analyser, haematology, 18;Boite;.000000;.000000
ANTIHIV12BSP_TEST;Anti-HIV (1&2) test colloidal gold (whole Blood/Serum/Plasma;Ampoule;.000000;.000000
ANTITE_1500_AM_IM;Antitoxine Tétanique, humaine 1500 UI /ml ,1ml  vial;Boite;1782.000000;1000.000000
APFER/_200/_SP_OR;Apfer Sirop 200ML;Boite;1426.000000;.000000
APPGLY_LABPRO/_//;Appareil Glycémie Labpro;Boite;.000000;.000000
APPGLY_VERI-Q/_//;Appareil Glycémie VERI-Q;Boite;19800.000000;.000000
APROHEAVDUTY_////;Apron Heavy duty;Boite;.000000;.000000
APRPRO_PAC-100_CU;Apron, protection, plastic. disp. PAC-100;Boite;.000000;.000000
AQUATA_67//_CP_OR;Aquatabs 67 mg/20ml, comprimé;Boite;13.000000;.000000
ARTLUM_1260_SP_OR;Artemether + Luméfantrine 180/1080 mg sirop 60 ml;Boite;1794.500000;.000000
ARTLUM_1401_CP_OR;Artemether + Luméfantrine 20/120 mg (6x1) comprimés;Boite;.000000;.000000
ARTLUM_1402_CP_OR;Artemether + Luméfantrine 20/120 mg (6x2) comprimés;Boite;.000000;.000000
ARTLUM_1403_CP_OR;Artemether + Luméfantrine 20/120 mg (6x3) comprimés;Boite;.000000;.000000
ARTLUM_1404_CP_OR;Artemether + Luméfantrine 20/120 mg (6x4) comprimés;Boite;.000000;.000000
ARTLUM_560/_CP_OR;Artemether + Luméfantrine 80/480 mg CP;Boite;.000000;.000000
ARTEME_20//_AM_IV;Artemether 20mg/ml injection, ampoule;Boite;450.130000;.000000
ARTEME_80//_AM_IV;Artemether 80 mg, injectable, ampoule;Boite;508.200000;5853.000000
ARTAMO_3703_CP_OR;Artésunate + Amodiaquine 100/270 mg, 3 comprimés;Boite;116.160000;.000000
ARTAMO_3706_CP_OR;Artésunate + Amodiaquine 100/270 mg, 6 comprimés;Boite;180.840000;.000000
ARTAMO_87.5_CP_OR;Artésunate + Amodiaquine 25mg + 67,5mg Comprimé;Boite;.000000;.000000
ARTAMO_185/_CP_OR;Artésunate + Amodiaquine 50mg + 135mg Comprimé;Boite;.000000;.000000
ARTESU_100/_CA_RE;Artésunate 100mg cpsule rectale;Boite;.000000;.000000
ARTESU_30//_AM-IV;Artésunate 30mg injection;Boite;.000000;.000000
ARTESU_60//_AM-IV;Artésunate 60mg injection;Boite;.000000;.000000
ASPCAR_100/_CP_OR;Aspirine Cardio 100MG CP, B/30;Boite;1186.800000;.000000
ATAZAN_300/_CP_OR;Atazanavir 300mg Comprimé;Boite;.000000;.000000
ATARIT_400/_CP_OR;Atazanavir300mg+ritonavir 100mg comp;Boite;.000000;.000000
ATROSU_1///_AM_IV;Atropine Sulfate 1mg/ml 1 ml, ampoule;Bidon;277.200000;11040.000000
AUTOV2UNCA//_DEV/;Auto V2 Univeral Cartridge Based Sample Prep Device;Ampoule;.000000;.000000
AUTTES_////_//_//;Auto-Test VIH;Boite;.000000;.000000
AZITRI_250/_CP_OR;Azitrine 250mg CP, B/5;Boite;1990.650000;.000000
BANCRE_10X4///_CU;Bande de crêpe 10 cm X 4 m;Boite;389.400000;5346.000000
BANCRE_7.5X4//_CU;Bande de crêpe 7.5 cm x 4 m;Boite;330.000000;50.000000
BANIMM_3.6X10/_CU;BANDE IMMO DELTA LITE+ BLANC 3,6M*10CM;Boite;.000000;.000000
BANIMM_3.6X12._CU;BANDE IMMO DELTA LITE+ BLANC 3,6M*12,5CM;Boite;.000000;.000000
BANIMM_3.6X7.5_CU;BANDE IMMO DELTA LITE+ BLANC 3,6M*7,5CM;Boite;.000000;.000000
BANDEL_GLUCOME_LA;Bandelette Glycémie LabPro, B/50;Kit;13200.000000;.000000
BANREA_GLYCEMI_//;Bandelettes glycemie Accu-Check , B/50;Boite;13200.000000;.000000
BANDEL_GLUCOME_VQ;Bandelettes glycemie VERI-Q , B/50;Boite;13860.000000;.000000
BATUPS_3000VA_//;Batery Pack of UPS 3000VA;Boite;.000000;.000000
BATUPS_3000VA/_//;Battery pack for UPS 3000 VA;Boite;.000000;.000000
BATUPS_700VA//_//;Battery pack for UPS 700 VA;Boite;.000000;.000000
BATTSUPP_PRIMILED;Battery Supply Unit with adapter able set for Primo Star iLED;Boite;.000000;.000000
BATTUNIT_CARLZEIS;Battery Unit for Carl Zeiss Primo Star;Boite;.000000;.000000
BEEXDE_//////////;BeneHeart C2External Defibrilator;Boite;.000000;.000000
PENIGB_2.4M_SI_IM;Benzathine Benzyl Pénicilline 2,4 MUI injection;Boite;382.300000;5400.000000
BENZOA_25%/_SC_12;Benzyle Benzoate Solution 25% , diluée, 125 ml Flacon;Boite;1089.000000;.000000
PENIG/_1MU/_SI_IM;Benzylpénicilline Sodique 1MUI injection;Boite;196.380000;.000000
PENIG/_5MU/_AM_IV;Benzylpénicilline Sodique PPI 5 Méga UI, vial;Boite;396.000000;6610.000000
BETADI_10%1_SC_CU;Betadine 10% Dermiq 125ML JAUNE;Boite;1553.650000;.000000
BETVAG_10%1_SC_CU;Bétadine vaginal 10% SOL, Bleu 125Ml;Boite;1238.550000;.000000
BIOBAG_///////_//;Bio-hazard bag;Boite;.000000;.000000
METHYL_100%///_//;Bleu de méthylène, poudre/Unité;Boite;.000000;.000000
BLOOCOLL_NEONATES;Blood Collection Neonates;Boite;.000000;.000000
BLOISO_SANSPOI_CU;Blouse d'isolation sans poignet;Boite;.000000;.000000
SURGOW_L//////_//;Blouses chirurgicales type gowns taille L;Boite;.000000;.000000
BONCHEMISE_CARTE/;Bon Chemin de Santé (CPS);Boite;108.000000;12210.000000
BOOTS/_PVC////_CU;BOOTS PVC, paire;Boite;.000000;.000000
BUCKSWIN_380-380R;BUCKET FOR SWING OUT ROTOR (ROTINA 380/380R) SET OF 4 380/380R;Boite;.000000;.000000
BUNSEN_///////_//;Bunsen bumer;Boite;.000000;.000000
BUPIVA_0.5%_SI_IV;Bupivacaïne  0,5% injection;Boite;.000000;.000000
CAC///_1000_CP_OR;C.A.C 1000 CP Eff T/10;Boite;1534.100000;.000000
CABOTE_600/_SI_IV;Cabotegravir 600mg Inject;Boite;.000000;.000000
CAHBONCOMM_FACTUR;Cahier de bon de commande/facturation;Boite;2900.000000;572.000000
CAHCAI_///////_//;Cahier de Caisse analytique;Boite;1182.000000;260.000000
CAHDEPENSE_COGE//;Cahier de dépenses du COGE;Boite;1182.000000;403.000000
CAHDEPENSE_COMMIS;Cahier de dépenses du commis;Boite;3000.000000;103.000000
CAVAUR_CSI-CMA_//;Caisse pour Valise d'Urgence Niveau CSI/CMA;Boite;15180.000000;.000000
CAVAUR_HD-HR//_//;Caisse pour Valise d'Urgence Niveau HD/HR;Boite;.000000;.000000
CALCID_////_CP_OR;Calcid DENK CP EFF, T/20;Boite;4206.700000;.000000
CALCGL_10%/_AM_IV;Calcium Gluconate 10% 1 g / 10 ml, ampoule;Boite;165.000000;.000000
CALSOU_500/_CP_OR;Calsource 500MG CP Eff, B/20;Boite;1938.900000;.000000
CAPSUR_NW100//_CU;Cap, surgical, bouffant, non-woven.box/100;Boite;.000000;.000000
CARBOC_2%//_SP_OR;Carbocystéine 2% sirop;Boite;675.000000;1030.000000
CARBOC_20//_SP_OR;Carbocystéïne 2g/100 ml, flacon de 125 ml;Boite;660.000000;.000000
CARBOC_5%//_SP_OR;Carbocystéine 5% sirop;Boite;825.000000;1100.000000
CARBOC_5%20_SP_OR;Carbocystéine 5% sirop, 200ml;Boite;1452.000000;.000000
CASTMA_HRP2_//_//;Care Star Malaria HRP-2;Boite;.000000;.000000
CARNET_PATIENT_//;Carnet de Reçu des Médicaments (Facturier Patient);Boite;792.000000;3180.000000
CARNET_CONSUL/_//;Carnet de Santé GM (Consultation curative);Boite;165.000000;2400.000000
CARTCONSUL_CPN///;Carte de Consultation Prénatale (CPN);Boite;62.000000;34377.000000
CASMIC_///////_//;Case for transport and storage microscop;Boite;.000000;.000000
CATHET_TCUU24G_//;Catheter I.V. Type Court, Luer, UU, section 0.70 mm, 24G;Boite;231.000000;7215.000000
CATHET_TCUU22G_//;Catheter I.V. Type Court, Luer, UU, section 0.80 mm, 22G;Boite;231.000000;5755.000000
CATHET_TCUU20G_//;Catheter I.V. Type Court, Luer, UU, section 1.10 mm, 20G;Boite;207.240000;3428.000000
CATHET_TCUU18G_//;Catheter I.V. Type Court, Luer, UU, section 1.30 mm, 18G;Boite;207.240000;2230.000000
CEX12PM/_EDAN1///;CE, X12 Patient Monitor, EDAN1;Boite;.000000;.000000
CEFIDI_200/_CP_OR;Cefidis 200MG CP, B/10;Boite;2725.500000;.000000
CEFIXI_200M_CP_OR;Cefixime 200 Mg Cp;Boite;.000000;.000000
CEFIXI_100/_SP_OR;Cefixime SP 100MG PDR, Fl/6ML;Boite;3915.750000;.000000
CEFIXI_200/_CP_OR;Céfixime SP 200Mg CP, B/10;Boite;3897.350000;.000000
CEFOTA_1000_SI_IV;Cefotaxime 1000mg injection;Boite;792.000000;.000000
CEFEAU_285._SI_IV;Ceftriaxone + Eau 1000mg/3,5ml injection;Boite;528.000000;15635.000000
CEFTRI_285._SI_IV;Ceftriaxone 1000mg/3,5ml injection;Boite;440.000000;26495.000000
CHARLO_///////_CU;Charlottes;Boite;.000000;.000000
CHLORP_4///_CP_OR;Chlorpheniramine Maléate 4 mg, sous blister, comprimés;Boite;8.000000;140200.000000
SODICH_9%50_SF_IV;Chlorure de sodium (Nacl) 0,9%/500ml Solution;Boite;.000000;.000000
CIMETI_200/_SI_IV;Cimetidine 200MG INJ;Boite;66.000000;2030.000000
CIPROF_100/_SI_IV;Ciproflo UBI 100MG INJ F/50ML;Boite;1170.700000;.000000
CIPROF_50//_SP_OR;Ciprofloxacine 250mg/5ml Suspension orale;Boite;.000000;.000000
CIPROF_2///_SI_IV;Ciprofloxacine 2mg/ml injection;Boite;1452.000000;525.000000
CIPROF_500/_CP_OR;Ciprofloxacine, 500 mg, Comprimés;Boite;67.860000;30300.000000
CLABAR_///////_//;Clamp de Barr (ombilical);Boite;105.000000;1058.000000
CLAVIC_1///_SI_IV;Clavicin 1G/200MG INJ B/1;Boite;1787.100000;.000000
CLAVIC_1000_CP_OR;Clavicin XR 1G CP, B/10;Boite;3393.650000;.000000
CLEWEL_HEATSEA_//;Clear Weld Heat Seal (Feuillet adhesive);Boite;.000000;.000000
CLINDA_150/_GE_OR;Clindamycine 150mg gélule;Boite;.000000;.000000
CLINDA_300/_GE_OR;Clindamycine 300mg gélule;Boite;.000000;.000000
CLOXAC_50//_SP_OR;Cloxaciline Sirop 250MG/5ML Fl;Boite;924.000000;517.000000
CLOEAU_200/_SI_IV;Cloxacilline + Eau 500mg/2,5ml, 1000mg/5ml injection;Boite;303.600000;.000000
CLOXAC_250/_CP_OR;Cloxacilline 250 mg, sous blister, Comp.;Boite;17.700000;.000000
CLOXAC_250/_GE_OR;Cloxacilline 250 mg, sous blister, Gélule.;Boite;17.700000;.000000
CLOXAC_500/_GE_OR;Cloxacilline 500mg Gélule;Boite;66.000000;20470.000000
CLOXAC_200/_SI_IV;Cloxacilline 500mg/2,5ml, 1000mg/5ml injection;Boite;290.400000;2000.000000
CLOXAC_25//_SI_IV;Cloxacilline Solution orale 125mg/5ml injection;Boite;.000000;.000000
COLMGG_////_//_//;Colorant M.G.G, 200ml;Kit;3680.000000;.000000
COMBIN_PROTECT_CU;Combinaison de protection;Boite;.000000;.000000
VITBCP_15//_CP_OR;Complexe vitaminique B1 B6 B12 15 mg comprimé;Boite;.000000;.000000
CONFEM_////_//_//;Condom (préservatif Féminin);Boite;264.000000;.000000
CONMAS_////_//_//;Condom (préservatif masculin);Boite;3.630000;.000000
COPOVA_///////_CU;Corps de pompes Vacutaner;Boite;.000000;.000000
COTOCA_500////_CU;Coton Cardé, Rouleau, 500 g, pièce;Boite;2614.000000;.000000
COTOHY_500////_CU;Coton Hydroplhile, Rouleau, Non Stérile, 500 g, pièce;Boite;3036.000000;137.000000
COTRIM_480/_CP_OR;Cotrimoxazole (Sulfamethoxazole + Trimethoprine) (400mg + 80 mg)Comp;Boite;17.160000;61300.000000
COTRIM_480/_SI_IV;Cotrimoxazole (Sulfamethoxazole + Trimethoprine) (400mg+80mg)/5ml inj;Boite;.000000;.000000
COTRIM_48//_SP_OR;Cotrimoxazole (Sulfamethoxazole + Trimethoprine) 240 mg / 5 ml, Suspe;Boite;759.000000;2980.000000
COTRIM_960/_SI_IV;Cotrimoxazole (Sulfamethoxazole + Trimethoprine) 800 mg + 160mg injec;Boite;.000000;.000000
COTRIM_960/_CP_OR;Cotrimoxazole (Sulfamethoxazole+Trimethoprine) 800mg+160mg Cp;Boite;.000000;.000000
COVPRO_TY6BL//_CU;Coverall, protection,catlll, type 6b.L;Boite;.000000;.000000
COVPRO_TY6BM//_CU;Coverall, protection,catlll, type 6b.M;Boite;.000000;.000000
COVPRO_TY6BXL/_CU;Coverall, protection,catlll, type 6b.XL;Boite;.000000;.000000
COVID19-TEST_AGCN;COVID-19 AG Antigen card test (Nasopharyn);Boite;.000000;.000000
CRAPLA_///////_//;Crachoir en plastique avec couvercle;Boite;.000000;.000000
CRP///_KIT/_//_//;CRP;Boite;.000000;.000000
CRYLAS_SHEETS/_//;Cryo laser sheets;Boite;.000000;.000000
CRYTUB_STERILE_//;Cryotube Sterile self-standing;Boite;.000000;.000000
CYTEAL_////_SC_CU;Cyteal Sol Ext, F/250ML;Boite;2679.500000;.000000
DARUNA_300/_CP_OR;Darunavir 300mg Comprimé;Boite;.000000;.000000
DARUNA_600/_CP_OR;Darunavir 600mg Comprimé;Boite;.000000;.000000
DEPOPR_150/_AM_IM;Depo-Provera 150 mg/ml ampoule inj., unité;Boite;72.600000;.000000
DERMOB_////_SC_CU;Dermobacter, solution mous. pour application locale, fl de 300 ml;Boite;1782.000000;.000000
DESSIM_KLORS87_//;Désinfectant for simultaneous disinfecting "klorsept 87";Boite;.000000;.000000
DETERG_////_//_1/;Détergents;Boite;.000000;.000000
DETERM_EARLDET_//;Determine Early Detect;Boite;.000000;.000000
DETERM_HEPATIT_//;Determine Hepatite;Boite;.000000;.000000
DETERM_KIT////_//;Determine HIV 1/2 TEST KIT  DE 100;Boite;.000000;.000000
DETERMINELAM_TBAG;Determine TB LAM Ag;Boite;.000000;.000000
DEXAME_4///_CP_OR;Dexaméthasone 4mg sous blister, Comprimés;Boite;.000000;.000000
DEXAME_4///_SI_IV;Dexaméthasone 4mg/ml injection;Boite;132.000000;37044.000000
DEXAME_5///_CP_OR;Dexaméthasone 5mg, sous blister, Comprimés;Boite;27.270000;.000000
KITZN/_DISPKIT_//;Diagnostic consumable kit ZN disposables standard;Boite;.000000;.000000
KITZN/_ST/////_//;Diagnostic cunsumable kit ZN chemicals standard;Ampoule;.000000;.000000
DIAZEP_5///_CP_OR;Diazepam 5 mg, sous blister,  Comprimés;Boite;2.420000;.000000
DIAZEP_5///_SI_IV;Diazepam 5 mg/ml, 10 mg / 2 ml, ampoule;Boite;660.000000;16872.000000
DICLSO_25//_SI_IV;Diclofénac Sodique 25mg/ml, 75 mg/3ml, Ampoule;Boite;85.500000;47155.000000
DICLSO_50//_CP_OR;Diclofénac Sodique 50 mg, sous blister, Comprimés;Boite;6.230000;60000.000000
DICYNO_250/_SI_IV;Dicynone 250MG AMP INJ B/4;Boite;2158.550000;.000000
DIGITI_2CHANNE_//;Digital timer, 2 channels;Boite;.000000;.000000
DISPOSAPRON/_////;Disposable Apron;Boite;.000000;.000000
DISBOU_///////_CU;Disposable Boufant cap;Boite;.000000;.000000
DISPOSCAP///_////;Disposable cap;Boite;.000000;.000000
DISPFACESHIE_////;Disposable Face Shield;Boite;.000000;.000000
DISPISOLGOWN_////;Disposable isolation Gown;Boite;.000000;.000000
DIU///_////_IP_VA;Dispositif Intra-Uterin (DIU), unité;Boite;25.000000;.000000
DNALOO_KIT////_//;DNA Extraction Kit loopam, 90 tests;Boite;.000000;.000000
DOLIPR_1000_CP_OR;Doliprane 1000MG CP EFF B/8;Boite;1124.700000;.000000
DOLUSO_10//_CP_OR;Dolutégravir sodique 10mg comprimé;Boite;.000000;.000000
DOLUSO_50//_CP_OR;Dolutégravir sodique 50mg comprimé;Boite;.000000;.000000
DOXYCY_100/_CP_OR;Doxycycline 100mg Comprimé;Boite;33.000000;59500.000000
AZITHR_250/_CP_OR;Doxycycline 250mg Comprimé;Boite;.000000;.000000
AZITHR_500/_CP_OR;Doxycycline 500mg Comprimé;Boite;.000000;.000000
DOXCRE_100/_CP_OR;Doxycycline CRE 100 BL10X10CES;Boite;3599.500000;.000000
DRYRAC_40P////_//;Drying rack for stainless steel, 40 positions;Boite;.000000;.000000
DYNAMO_////_SI_BU;Dynamogen Amp Buv B/20;Boite;3569.600000;.000000
AEDHOO_//////////;EAD Hook (Green);Boite;.000000;.000000
EAUJAV_////_//_1/;Eau de javel;Boite;.000000;.000000
EAUOXY_250/_FL_CU;Eau Oxygénée 10V GILB ET/250ML;Boite;1666.350000;.000000
EAUOXY_120/_FL_CU;Eau Oxygénée 10V GILB FL/120 ML;Boite;.000000;.000000
EPPI//_10//_SI_IV;Eau pour préparation injectable (EPPI) 10ml injection ou flapule;Boite;66.000000;900.000000
EPPI//_5///_SI_IV;Eau pour préparation injectable (EPPI) 5ml injection ou flapule;Boite;32.000000;.000000
EFAVIR_200/_CP_OR;Efavirenz 200mg Comprimé;Boite;.000000;.000000
EFAVIR_30//_SP_OR;Efavirenz 30 mg/ml suspension buvable;Boite;.000000;.000000
EFAVIR_50//_CA_OR;Efavirenz 50 mg, capsules;Boite;.000000;.000000
EFAVIR_600/_CP_OR;Efavirenz 600mg Comprimé;Boite;.000000;.000000
EFFERA_150/_SU_RE;Efferalgan 150MG SUPPO/10 AFR;Boite;855.600000;.000000
EFFERA_1000_CP_OR;Efferalgan Cod CP, EFF/16;Boite;1660.600000;.000000
EFFERA_500/_CP_OR;Efferalgan Med 500MG CP EFF/16;Boite;1127.000000;.000000
ELECSUCTPUMP/_///;Electrical Suction pump;Boite;.000000;.000000
ELUDRI_////_CL_OR;Eludril Sol, Fl/90ML;Boite;1370.800000;.000000
EMBMIC_100-10J_//;Embout Blanc  pour Micropipette;Boite;12.300000;.000000
EMBMIC_10-100/_//;Embout Bleu pour Micropipette;Boite;12.300000;.000000
EMJAMI_////_//_//;Embout Jaune pour Micropipette;Kit;12.300000;.000000
EOSINE_2%//_SC_TR;Eosine AQ 2% CPF Fl/100ML;Boite;1312.150000;.000000
EPHEDR_25//_AI_IV;Ephédrine 25mg/ml  injection;Boite;3300.000000;.000000
PROGME_150/_SI_IV;Equilibre (Médroxyprogesterone Acétate) 150mg/ml injection;Boite;75.000000;.000000
ERYTHR_25//_SP_OR;Erythromycine 125mg/5ml sirop (F/100ml);Boite;1050.000000;.000000
ERYTHR_250/_CP_OR;Erythromycine 250mg Comprimé;Boite;.000000;.000000
ERYTHR_50//_SP_OR;Erythromycine 250mg/5ml sirop;Boite;.000000;.000000
ERYTHR_500/_CP_OR;Erythromycine 500mg Comprimé;Boite;72.600000;10000.000000
ETHAMB_100/_CP_OR;Ethambutol 100mg Comprimé;Boite;.000000;.000000
ETHAMB_400/_CP_OR;Ethambutol 400mg Comprimé ;Boite;.000000;.000000
ETHANO_500/_CP_OR;Ethambutol 500mg Comprimé ;Boite;.000000;.000000
ETHANO_99.8%//_//;Ethanol Absolu 99,8% Flacon de 1L;Boite;.000000;.000000
EXHAFILT_900-1200;EXHAUST FILTER (2 PIECES ) FOR MARS 900/1200 AND MARS PRO 900/1200;Boite;.000000;.000000
EYEWEAR/_////////;Eye wear;Boite;.000000;.000000
FACESHILMOD/_3322;Face shields Model 33x22 cm;Boite;.000000;.000000
FACESH_///////_//;Faceshield, Fog resistant, Fullface (Visière);Boite;.000000;.000000
FASCCO_PAPIERT_//;Fasc Count Papier Thermique BD Rouleaux;Boite;.000000;.000000
FDRXAIR/_KITTSAI/;FDR Xair System-Full kit with thyroid shield+AI Hardware and Qure AI,;Boite;.000000;.000000
FERCOM_////_CP_OR;Fer Acide folique +complexe Vit Gel ;Boite;57.500000;.000000
FERFOL_200/_SP_OR;Fer Acide Folique Vit B12 ( F/200ml);Flacon;825.000000;760.000000
FERFOL_66.2_CP_OR;Ferreux Sel + Folique Acide (66 mg Fe2+ + 0.25 mg) Comprimés;Boite;9.000000;253500.000000
FERFOL_120/_SP_OR;Ferromix SP Fl/120ML MEPACO;Boite;2133.120000;250.000000
FICSTO_///////_//;Fiche de Stock Commis;Boite;75.000000;760.000000
FILSNR_VICR2RO_//;Fil de Suture NR, Nylon N° 2/0, sertie, Aiguille Ronde, pce;Boite;1320.000000;2.000000
FILSNR_VICR2TR_//;Fil de Suture NR, Nylon N° 2/0, sertie, Aiguille tranchante, pce;Boite;1320.000000;669.000000
FILSR/_VICR2RO_//;Fil de Suture résorbable Vicryl N° 2/0 sertie,  Aiguille ronde, pce;Boite;2100.000000;.000000
FILSR/_VICR2TR_//;Fil de Suture résorbable Vicryl N° 2/0 sertie,  Aiguille Tranch, pce;Boite;2100.000000;.000000
FILSR/_VICR3TR_//;Fil de Suture résorbable Vicryl N° 3/0 sertie,  Aiguille tranch, Pce;Boite;2100.000000;.000000
FILSR/_VICR0RO_//;Fil de Suture résorbable Vicryl N°0 sertie, Aiguille ronde, pce;Boite;2100.000000;.000000
FILSR_VICR1RO_//;Fil de Suture résorbable Vicryl N°1 sertie, Aiguille ronde, pce;Boite;2100.000000;270.000000
FILSR/_VICR1TR_//;Fil de Suture résorbable Vicryl N°1 sertie, Aiguille tranch, pce;Boite;2100.000000;12.000000
FILSR/_VICR2-0R_//;Fil de Suture résorbable Vicryl N°2 sertie, Aiguille ronde, pce;Boite;2100.000000;.000000
FILSR/_VICR2//_//;Fil de Suture résorbable Vicryl N°2 sertie, Aiguille tranch, pce;Pièce;2100.000000;.000000
SUTVIC_4/0;Fil de Suture Vicryl 4/0;Boite;1500.000000;.000000
FILSNR_2POL/AT_//;Fil SNR, polyam N°2,  Aiguille Triangulaire;Boite;1306.830000;.000000
FILSR/_2-0R///_//;Fil SR, Ac polygly, N°2/0, Serti, Aiguille Ronde;Boite;1861.160000;.000000
FILSR/_0+75R//_//;Fil SR, acid polygly, N°0_75 Aiguille Ronde 40;Boite;1746.330000;.000000
FILSR/_2-0+75R_//;Fil SR, acid polygly, N°2/0_75 Aiguille Ronde 40;Boite;1746.330000;.000000
FILTIP_1000UI/_//;Filter Tips 1000 µl;Boite;.000000;.000000
FILTIP_2.20UI/_//;Filter Tips 2 - 20 µl;Boite;.000000;.000000
FILTIP_2.200UI_//;Filter Tips 2 - 200 µl;Boite;.000000;.000000
FINOXI_///////_CU;Finger oximeter;Boite;.000000;.000000
TESTHIVSYCOM_FIRS;First reponse HIV / Syphilis Combo;Kit;.000000;.000000
TESTHIV1-2CA_FIRS;First reponse HIV-1-2 card test;Kit;.000000;.000000
FIXEDVOLMICR_////;Fixed volume precision micropipette 6µl;Ampoule;.000000;.000000
FLAVER_100CC//_//;Flacon en Verre 100ml;Boite;145.000000;.000000
FLAVER_125CC//_//;Flacon en Verre 125ml + Bouchons;Boite;250.000000;.000000
FLAPLA_1L//_//_//;Flacon Plastique 1 litre + Bouchon blanc;Boite;.000000;.000000
FLAPLA_100CC//_//;Flacon Plastique, avec Couvercle 100 cc, ;Boite;145.200000;.000000
FLUCAZ_50//_SP_OR;Flucazol 50MG PDR SUSP FL/60ML;Comprimé;1073.450000;168.000000
FLUCON_2///_SI_IV;Fluconazole 2mg/ml, 200mg/100ml injection;Boite;.000000;.000000
FLUCON_400/_CP_OR;Fluconazole 400mg Comprimé;Comprimé;.000000;.000000
FLUCON_200/_CP_OR;Fluconazole, 200mg Comprimé;Comprimé;200.000000;7200.000000
FLUMAZ_0.1/_SI_IV;Flumazénil 0,5mg/5ml injection;Boite;.000000;.000000
FLUOSO_10%/_SI_IV;Fluoreceïne sodique 10% injection;Boite;.000000;.000000
FLUORE_1%//_CO_OC;Fluorescéine 1% Collyre;Boite;.000000;.000000
FLUORE_10%/_SI_IV;Fluorescéine 10% Injection;Boite;.000000;.000000
METHOL_0.1%_CO_OC;Fluorométholone 0,1% Collyre;Boite;.000000;.000000
FLUOXE_20//_CP_OR;Fluoxétine 20mg Comprimé/gélule;Boite;.000000;.000000
FLUPEX_200/_CP_OR;Flupex 200MG CP, B/10;Boite;2633.500000;.000000
FLUPHE_25//_SI_IV;Fluphénazine 25mg/ml/5ml injection;Boite;.000000;.000000
FORCEP_11.5///_//;Forceps for microscope slides 11,5cm;Boite;.000000;.000000
FORMOL_40%/_SF_PI;Formol 40% solution;Boite;.000000;.000000
FUCOGR_1///_//_//;Fuchisne Coloration Gram f/1 litre;Ampoule;.000000;.000000
FUROSE_40//_CP_OR;Furosemide  40 mg, sous blister, Comprimés;Boite;4.300000;.000000
FUROSE_10//_SI_IV;Furosémide 10 mg/ml, 20 mg/2ml, ampoule;Boite;49.900000;70.000000
FUROSE_10//_SI_2/;Furosémide 10mg/ml/2ml injection;Boite;.000000;.000000
FUROSE_10//_AM_IV;Furosémide 20 mg/ 2 ml, ampoule;Boite;.000000;.000000
FUROSE_4///_SP_OR;Furosémide 20mg/5ml sirop;Boite;.000000;.000000
FUSPOU_25G////_//;Fuschine poudre, fl/25 g;Boite;.000000;.000000
FUSSOL_1000ML/_//;Fuschine solution 1000 ml;Boite;.000000;.000000
FUSPHE_205/_//_//;Fuschisne Phéniqué f/250 ml;Ampoule;.000000;.000000
FUSHI/_BASIQUE_//;Fushine Basique /Unité;Kit;.000000;.000000
GANCIC_250/_CP_OR;Ganciclovir 250mg Comprimé;Boite;.000000;.000000
GANCIC_500/_CP_OR;Ganciclovir 500mg Comprimé;Boite;.000000;.000000
GANCHI_7UU////_CU;Gants Chirurgicaux, Stériles, Usage Unique, taille 7, paire;Boite;184.700000;.000000
GANCHI_7.5UU//_CU;Gants Chirurgicaux, Stériles, Usage Unique, taille 7.5, paire;Boite;264.000000;2886.000000
GANCHI_8UU////_CU;Gants Chirurgicaux, Stériles, Usage Unique, taille 8, paire;Boite;237.600000;.000000
GANCHI_8.5UU//_CU;Gants Chirurgicaux, Stériles, Usage Unique, taille 8.5, paire;Boite;184.700000;.000000
GANEXA_7-8UUN/_CU;Gants d'Examen, nitrite (7-8) Medium;Boite;.000000;.000000
GANEXA_8-9UUN/_CU;Gants d'Examen, nitrite (8-9) Medium;Boite;.000000;.000000
GANEXA_6-7UU//_CU;Gants d'Examen, Non Stérile, Usage Unique Taille Medium (6-7);Boite;184.700000;.000000
GANEXA_7-8UU//_CU;Gants d'Examen, Non Stérile, Usage Unique Taille Medium (7-8);Boite;46.200000;40700.000000
GANEXA_8-9UU//_CU;Gants d'Examen, Non Stérile, Usage Unique, Taille Large (8-9) ;Boite;85.800000;49500.000000
GARELA_18MM///_//;Garrot Elastique largeur(Tourniquette) 18mm;Boite;4191.000000;.000000
GAVISC_10//_SP_OR;Gaviscon Susp 10ML Sach, B/24;Boite;2042.400000;.000000
GAZHYD_10X5///_CU;Gaze Hydrophile, Compresse, Non Stérile, 10 x 5 cm;Boite;118.800000;.000000
GAZHYD_10X10//_CU;Gaze Hydrophile, Compresse, Stérile, 10 x 10 cm, 4 plis (40 x 40 dépl;Boite;79.200000;.000000
GAZHYD_65X100/_CU;Gaze Hydrophile, Rouleau, Non Stérile, 65 cm x 100 m;Boite;10527.000000;.000000
GAZHYD_90X91//_CU;Gaze Hydrophile, Rouleau, Non Stérile, 90 cm x 91 cm;Boite;13127.000000;.000000
GEANBA_500////_SC;Gel antibactérien Fl/500 ml;Boite;.000000;.000000
GEHYAL_500////_SC;Gel hydro alcoolique Fl/500 ml;Boite;6600.000000;.000000
GELLUB_20MLTUB_CU;Gel Lubrifiant 20ml, Tube;Boite;.000000;.000000
GELLUB_SACHET/_CU;Gel lubrifiant sachet;Boite;.000000;.000000
GELLUB_TUBE///_CU;Gel lubrifiant tube;Tube;.000000;.000000
GELECH_1L/////_SC;Gel pour échographie, 1l;Boite;5874.000000;.000000
GELECH_250////_SC;Gel pour échographie, 250 ml;Boite;990.000000;.000000
GELOFU_4%//_SI_IV;Gelofusine Inj 4%, Fl/500ML;Boite;3946.800000;.000000
GELOPL_40//_SF_IV;Geloplasma;Boite;3946.800000;.000000
GENHIV_440TEST_//;Generic HIV Charge Virale CE Test, kit 440;Boite;.000000;.000000
GENEXPHIV1//_VLVC;GeneXpert HIV-1 VL-CE;Boite;.000000;.000000
GENXPE_4MOD///_TB;Genexpert IV R2 4 modules, configuration D;Boite;.000000;.000000
GENEXP_///////_//;Genexpert, X pert, Cartridges, MTB/RIF;Boite;.000000;.000000
GENPAR_1000_SI_IV;Genpar Inj IV 1000MG, FL/100ML;Boite;1168.400000;.000000
TESTELISAHIV_4TS/;Genscreen Ultra HIV Ag/Ab;Boite;.000000;.000000
GENTAM_20//_SI_IV;Gentamicine 20mg/ml injection;Boite;.000000;.000000
GENTAM_40//_SI_IV;Gentamicine 40mg/ml injection ;Boite;.000000;.000000
GENTAM_80//_SI_IV;Gentamicine 80mg/ml injection   ;Boite;85.800000;36937.000000
GENTAM_0.3%_PM_OC;Gentamycine 0,3% Pommade ;Boite;.000000;.000000
GENTAM_10//_CO_OC;Gentamycine Collyre, 10 mg/ml, 10ml, Flacon Collyre;Boite;462.000000;16462.000000
GENHIV_10TESTS_//;GenXpert HIV-1, QUAL CE-IVD;Boite;.000000;.000000
GIEMRA_250/_//_//;Giemsa Rapide f/250 ml;Ampoule;.000000;.000000
GIESTAMODSOL_500M;Giemsa stain modified solution (contain methanol) f/500ml;Ampoule;.000000;.000000
GLIBEN_2.5/_CP_OR;Glibenclamide 2,5mg comprimé;Boite;.000000;.000000
GLIBEN_5///_CP_OR;Glibenclamide 5 mg, sous blister,  Comprimés;Boite;2.900000;.000000
GLICLA_30//_CP_OR;Gliclazide 30mg comprimé;Boite;.000000;.000000
GLUURI_25/////_//;Glucomètre Urit-25;Boite;.000000;.000000
GLUCOS_5%//_SF_IV;Glucose (Dextrose) 5% 500 ml, Perf.;Boite;759.000000;15020.000000
GLUCOS_10%2_SF_IV;Glucose 10%/250ml Solution ;Boite;.000000;.000000
GLUCOS_10%5_SF_IV;Glucose 10%/500ml Solution ;Boite;687.260000;.000000
GLUCOS_30%5_SF_IV;Glucose 30%/500ml Solution ;Boite;.000000;.000000
SODGLU_5.9%_SF_IV;Glucose 5% + Sodium Chlorure 0.9% 500ml, Perf.;Boite;766.450000;.000000
GLUCOS_5%25_SF_IV;Glucose 5%/250ml Solution ;Boite;550.000000;.000000
GLYCEM_200L///_//;Glycerine 200 Litres;Boite;.000000;.000000
GOGPRO_///////_//;Goggles, Protective, indirect side venti;Boite;.000000;.000000
GONAOVAR_SHIEL///;Gonad/Ovarian Shield;Boite;.000000;.000000
GOSERE_10.8_SI_IV;Gosereline 3,6mg injection;Boite;.000000;.000000
GOSERE_3.6/_SI_IV;Gosereline 3,6mg injection;Boite;.000000;.000000
GOWISO_///////_//;Gown Isolation (sur blouse);Boite;.000000;.000000
GOWISO_NWL////_CU;Gown, isolation, nonwoven disp.L;Boite;.000000;.000000
GOWISO_NWXL///_CU;Gown, isolation, nonwoven, disp, XL;Boite;.000000;.000000
GRISEO_500/_CP_OR;Griséofulvine 500mg Comprimé;Comprimé;59.400000;.000000
SERUMABABD//_SANG;Groupakit (5x10 ml);Boite;.000000;.000000
GENMTB_96/////_//;GXT NA Extraction kit CE/IVD;Boite;.000000;.000000
HAIRCOV_///////_//;Hair cover;Boite;.000000;.000000
HALOPE_5///_CP_OR;Halopéridol 5 mg, Comprimés;Boite;4.220000;.000000
HALOTA_250/_AM_PU;Halotane pour anesthésie 250ml, flacon;Boite;15794.000000;.000000
HALOTH_250/_SH_OR;Halothane 250ml inhalation;Boite;.000000;.000000
HANDDISINFEC_1000;Hand disinfectant, 1000ml;Boite;.000000;.000000
TESTHBSAG2//_SET/;HBsAg 2 set;Boite;.000000;.000000
HEPARI_2KU/_AI_IV;Héparine non fractionnée sodique 20 000UI/ml injection;Boite;.000000;.000000
HEPARI_5JU/_AI_IV;Héparine non fractionnée sodique 5 000UI/ml injection;Boite;.000000;.000000
HETTREFR_380ROTOR;HETTICH REFRIGERATED BENCH TOP CENTRIFUGE ROTINA 380R w/o ROTOR;Boite;.000000;.000000
TESTHIV1-2AG_4GEN;HIV 1/2 Ag/Ab test, 4è génération;Boite;.000000;.000000
HOSPBEDS_INTCAMEC;Hospital beds, intensive care, mecanical;Boite;.000000;.000000
HUILIM_100ML//_//;Huile à immersion 100 ml;Boite;.000000;.000000
HUILIM_50ML///_//;Huile à immersion 50 ml;Boite;.000000;.000000
IMMERS_////_//_//;Huile à Immersion f/100 ml;Ampoule;.000000;.000000
HUILE/_IMMERVM_//;Huile à immersion V.M/Unité;Kit;.000000;.000000
HUICAM_100/_CR_CU;Huile Camphree 100ML Ruther;Boite;1802.050000;.000000
HUMTBC_///////_//;Humaloop Tuberculosis MTBC;Boite;.000000;.000000
HUMANLT50-60_230/;Humanlop T 50/60 Hz, 230 VA;Boite;.000000;.000000
HYCMOL_100ML//_//;Hyclone Molecular Biology grade water Fl. 1;Boite;.000000;.000000
HYDROC_25//_CP_OR;Hydrochlorothiazide 25mg comprimé;Boite;.000000;.000000
HYDROC_50//_CP_OR;Hydrochlorothiazide, 50 mg, Comprimés;Boite;2.270000;.000000
HYDROC_1%//_CR_CU;Hydrocortisone 1% crème;Boite;.000000;.000000
HYDROC_100/_SI_IV;Hydrocortisone 100mg/Flacon injection;Boite;167.240000;.000000
HYDROC_10//_CP_OR;Hydrocortisone 10mg comprimé;Boite;.000000;.000000
HYDROC_20//_CP_OR;Hydrocortisone 20mg comprimé;Boite;.000000;.000000
HYDROC_5///_CP_OR;Hydrocortisone 5mg comprimé;Boite;.000000;.000000
HYDRSU_100/_AM_IV;Hydrocortisone Succinate Sodique PPI 100 mg, vial;Boite;167.240000;.000000
HYDROX_100/_CP_OR;Hydroxychloroquine 100 mg cp;Boite;.000000;.000000
HYDCHL_200/_CP_OR;Hydroxychloroquine 200mg comprimé;Boite;.000000;.000000
MAGNHY_500/_CP_OR;Hydroxyde de Magnésium 500mg comprimé;Boite;.000000;.000000
MAGNHY_55//_GL_PE;Hydroxyde de Magnésium 550mg/10ml gel en sachet;Boite;.000000;.000000
SODIHY_250/_CP_OR;Hyposulfate de Sodium 250 mg comprimé;Boite;.000000;.000000
SODIHY_250/_SI_50;Hyposulfate de Sodium 250mg/ml/50ml injection;Boite;.000000;.000000
IBUPAR_220/_SP_OR;Ibupar (Ibuprofène + Paracétamol) suspension, fl/100ml;Flacon;957.000000;1000.000000
IBUPRO_20//_SP_OR;Ibuprofène 100mg/5ml sirop;Boite;.000000;.000000
IBUPRO_400/_CP_OR;Ibuprofène 400 mg, sous blister, Comprimés;Boite;19.800000;264530.000000
IFOSFA_1000_SI_IV;Ifosfamide 1g/ampoule injection;Boite;.000000;.000000
IMATIN_100/_CP_OR;Imatinib 100mg comprimé;Boite;.000000;.000000
IGHBS/_100U_SI_IM;Immunoglobuline anti HBS 100UI injection;Boite;.000000;.000000
IGHBS/_150U_SI_IM;Immunoglobuline anti HBS 150UI injection;Boite;.000000;.000000
IGHUDI_100B_SI_IM;Immunoglobuline Humaine Anti D 200microgrammes/2ml injection;Boite;.000000;.000000
IGHUDI_150B_SI_IM;Immunoglobuline Humaine Anti D 300microgrammes/2ml injection;Boite;.000000;.000000
IGVHB/_100U_SI_IM;Immunoglobulines  IG anti VHB 100UI injection;Boite;.000000;.000000
IGHURA_150U_SI_IM;Immunoglobulines antirabique 150UI/ampoule injection;Boite;.000000;.000000
IGHUTE_500U_SI_IM;Immunoglobulines antitétanique humaine 500UI/ampoule injection;Boite;.000000;.000000
IMPLAN_68//_IP_SC;Implanon NXT (Etonogestre) 68mg, implant;Boite;650.000000;.000000
INCUBATO_30L/////;Incubator, 30L, upto 80C;Boite;.000000;.000000
INDINA_400/_CP_OR;Indinavir 400mg Comprimé;Boite;.000000;.000000
INOCULAT_10BL200M;Inoculation loop 10µL, 200mm;Boite;.000000;.000000
INOSMO_0.1%_CO_OC;Inosinemonophosphate 0,1% Collyre;Boite;.000000;.000000
INSACT_100U_AM_IM;Insuline ACTRAPID HM 100 UI / ml, flacon de 10 ml;Boite;2900.000000;.000000
INSINT_100U_SI_10;Insuline humaine action intermédiaire 100UI/ml/10ml injection;Boite;.000000;.000000
INSRAP_100U_SI_10;Insuline humaine action rapide 100UI/ml/10ml injection;Boite;.000000;.000000
INSPRE_100U_SI_10;Insuline humaine prémélangée (prémixte) 100UI/ml/10ml injection;Boite;.000000;.000000
INSULA_100U_AM_10;Insuline INSULATARD HM 100 UI / ml, flacon de 10 ml;Boite;2900.000000;.000000
INSMIX_100U_AM_10;Insuline MIXTARD 30/70 HM 100 UI / ml, flacon de 10 ml;Boite;2900.000000;.000000
INTEPE_180U_SI_IV;Interféron Peguylé 180UI injection;Boite;.000000;.000000
LOPAMI_30//_SI_IV;Iopamidol  300mg/10ml injection;Boite;.000000;.000000
LOPAMI_20//_SI_IV;Iopamidol 200mg/10ml injection;Boite;.000000;.000000
LOPAMI_37//_SI_IV;Iopamidol 370mg/10ml injection;Boite;.000000;.000000
IPECA/_0.14_SP_OR;Ipeca 0,14%  sirop;Boite;.000000;.000000
IRINOT_20//_SI_IV;Irinotecan 40mg/2ml injection;Boite;.000000;.000000
ISOCLE_IC270BL_//;IsoClean Kittel, Model IC 270 B, size L;Boite;.000000;.000000
ISOCLE_IC270BM_//;IsoClean Kittel, Model IC 270 B, size M;Boite;.000000;.000000
ISOCLE_IC270BS_//;IsoClean Kittel, Model IC 270 B, size S;Boite;.000000;.000000
ISOFLU_////_SH_OR;Isoflurane Fl/250ml inhalation;Boite;33000.000000;.000000
ISOGOW_LEVEL2L_CU;Isolation Gown level 2, Large ;Boite;.000000;.000000
ISONIA_100/_CP_OR;Isoniazide 100mg Comprimé;Boite;.000000;.000000
ISONIA_150/_CP_OR;Isoniazide 150mg Comprimé;Boite;.000000;.000000
ISONIA_300/_CP_OR;Isoniazide 300 mg, Comprimés;Boite;.000000;.000000
ISONIA_50//_CP_OR;Isoniazide 50mg Comprimé;Boite;.000000;.000000
ISOPRE_0.2/_AI_IV;Isoprenaline 0,2mg/ml injection;Boite;.000000;.000000
IVERME_3///_CP_OR;Ivermectine 3mg comprimé;Boite;.000000;.000000
JADELL_150/_IP_SC;Jadelle 2 x 75 mg, kit de 2 (Norplant nouvelle formule);Boite;650.000000;.000000
JERTUB_25X0.20_CU;Jersey Tubulaire 0,20 m X 25 m;Boite;.000000;.000000
KANAMI_1000_SI_IV;Kanamicine 1g Injection;Boite;.000000;.000000
KETAMI_50//_AM_IV;Kétamine 50 mg/ml , 500 mg /10 ml, vial;Boite;2376.000000;1140.000000
KITACC_///////_//;Kit Accouchement;Boite;3800.000000;20.000000
KITBI/_///////_//;Kit Bubon Inguinal (BI);Boite;.000000;.000000
KITCES_///////_//;Kit Cesariénne;Boite;29000.000000;.000000
KIBEBE_///////_//;Kit de bec bensen;Boite;.000000;.000000
KITCDA_AURACHI_//;Kit de consom. de Diagnostic Auramine Chimiques;Boite;.000000;.000000
KITCDA_AURADIS_//;Kit de consom. de Diagnostic Auramine Disposable;Boite;.000000;.000000
KITCDA_AURA-ZN_//;Kit de consom. de Diagnostic Auramine ZN;Boite;.000000;.000000
KITCDA_AURA-ZN_ST;Kit de consom. de Diagnostic Auramine ZN Standard;Boite;.000000;.000000
KITCDC_CHIM-ZN_//;Kit de consom. de Diagnostic Chimiques ZN Standard;Boite;.000000;.000000
KITCDJ_JETA-ZN_//;Kit de consom. de Diagnostic jetables ZN Standard;Boite;.000000;.000000
KITDBS_PRELEVE_//;Kit de prélèvement DBS;Boite;.000000;.000000
KITSYP_///////_//;Kit de Syphilis;Boite;.000000;.000000
KITEXT_///////_//;Kit d'extraction des acides nucléiques;Boite;.000000;.000000
KITDAB_///////_//;Kit Douleur Abdominale Basse chez la Femme (DAB);Boite;.000000;.000000
KITEU/_///////_//;Kit Ecoulement Urétral (EU);Boite;.000000;.000000
KITEV/_///////_//;Kit Ecoulement Vaginal (EV);Boite;.000000;.000000
KITHYG_///////_//;Kit Hygénique;Boite;.000000;.000000
KITUGV_///////_//;Kit Syndrome d'Ulcération Génitale + Herpes (UGV);Boite;.000000;.000000
KITTS/_///////_//;Kit Tuméfaction du Scotum (TS);Boite;.000000;.000000
KITUG/_///////_//;Kit Ulcération Génitale (UG);Boite;.000000;.000000
KITTIN_CARTONN_//;Kitting Cartonné;Boite;.000000;.000000
LAMBIS_UU23///_//;Lame de Bistouri, Stérile, Usage Unique  n°4  n°23;Boite;53.000000;5028.000000
LAPOOB_///////_//;Lame Porte Objet;Unité;34.160000;.000000
LACOOB_///////_//;Lamelles Couvre objets;Unité;10.000000;66900.000000
LAPOOB_////_//_//;Lames porte Objet Programme, B/50;Pièce;.000000;.000000
LAMIVU_150/_CP_OR;Lamivudine 150mg Comprimé;Boite;.000000;.000000
LAMIVU_300/_CP_OR;Lamivudine 300mg Comprimé;Boite;.000000;.000000
LAMIVU_10//_SP_24;Lamivudine 50 mg/5 ml, flaon de 240 ml;Boite;.000000;.000000
LAMIVU_10//_SP_10;Lamivudine 50 mg/5ml solution orale FL/100 ml;Boite;.000000;.000000
LAMIVU_50//_SP_OR;Lamivudine 50mg/ml sirop;Boite;.000000;.000000
LAMABA_90//_CP_OR;Lamivudine+Abacavir 30+60mg Comprimé;Boite;.000000;.000000
LAMMEL_22-22_/_//;Lammelle 22/22  B/100;Ampoule;984.000000;.000000
LANCET_POINTEF_//;Lancettes à pointes fines;Boite;.000000;.000000
LANCET_GLY////_//;Lancettes à pointes fines glycemie, B/50;Boite;.000000;.000000
LASILI_20//_SI_IV;Lasilix 20MG/2ML INJ AMP/1;Boite;470.350000;.000000
LASFAI_20//_CP_OR;Lasilix Faible 20MG CP, B/30;Boite;1294.900000;.000000
LENOGA_33.6_AI_IV;Lenogastim 33,6MUI injection;Boite;.000000;.000000
LEVCAR_110/_CP_OR;Lévodopa + Carbidopa 100+10mg comprimé;Boite;.000000;.000000
LEVCAR_275/_CP_OR;Lévodopa + Carbidopa 250+25mg comprimé;Boite;.000000;.000000
LEVBEN_125/_GE_OR;Levodopa LP + Benserazide 100mg + 25mg gélule;Boite;.000000;.000000
LEVOFL_500/_CP_OR;Lévofloxacine 500mg Comprimé;Boite;.000000;.000000
LEETFE_255/_CP_OR;Levonorgestrel + Ethinylestradriol + Fer 150/30/75 mg Comp;Boite;45.000000;.000000
LEETFU_0.18_CP_OR;Levonorgestrel 0,15mg + Ethinylestradriol 0.03 mg Comp;Boite;59.000000;.000000
LEVONO_30B/_CP_OR;Levonorgestrel 30 microgra (Microlut 3cycles);Boite;800.000000;.000000
LEVONO_150/_IP_CU;Levonorgestrel 75mg x 2 Implant ;Boite;650.000000;.000000
LEVOPR_100/_CP_OR;Lévopromazine 100mg comprimé;Boite;.000000;.000000
LEVOPR_25//_CP_OR;Lévopromazine 25mg comprimé;Boite;.000000;.000000
LEVOTH_100B_CP_OR;Levothyroxine 100 microgrammes comprimé;Boite;.000000;.000000
LEVOTH_50B/_CP_OR;Levothyroxine 50 microgrammes comprimé;Boite;.000000;.000000
LIDBUCKE_380-380R;LID FOR BUCKET ( bioseal) (rotina 380/380R) set of 4;Boite;.000000;.000000
LIDADR_1%50_SI_IV;Lidocaïne + Adrénaline 1%/50ml injection;Boite;.000000;.000000
LIDADR_2%50_SI_IV;Lidocaïne + Adrénaline 2%/50ml injection;Boite;.000000;.000000
LIDEPI_3.8%_SI_IV;Lidocaine + Epinéphrine 2% + 1,8% Injection cartouche dentaire;Boite;260.450000;.000000
LIDEPI_2%//_CA_IV;Lidocaine + Epinéphrine 2% Injection capsule dentaire;Boite;.000000;.000000
LIDEPI_2%//_AM_IV;Lidocaine + Epinéphrine 2% Injection cartouche dentaire;Boite;.000000;.000000
LIDEPI_2%1._AM_IV;Lidocaïne + Epinephrine,usage dentaire 2%, 1.8 ml 36 mg / 1.8ml,  via;Boite;260.450000;.000000
LIDGLU_12.5_AM_IV;Lidocaïne + Glucose, hyperbare 5 + 7.5% 2 ml, ampoule;Boite;80.520000;.000000
LIDOCA_1%//_SI_50;Lidocaïne 1% 50ml injection;Boite;.000000;.000000
LIDOCA_2%//_SI_50;Lidocaïne 2%, 50 ml 1 g / 50 ml, vial;Boite;1716.000000;.000000
LIDNAP_5%//_SO_OR;Lidocaïne à la Naphtazoline 5% Solution;Boite;.000000;.000000
LIDOCA_5%//_GL_1I;Lidocaïne visqueuse 5% tube de 100g Gel;Boite;.000000;.000000
LIMBAT_4200MAH/;Li-MnO2 battery (4200mAh);Boite;.000000;.000000
LINDAN_1%//_CR_CU;Lindane Crème 1%;Boite;.000000;.000000
LIPSOV_500/_CP_OR;Lipsovir 500mg comprimé;Boite;.000000;.000000
LIPSOV_800/_CP_OR;Lipsovir 800mg comprimé;Boite;.000000;.000000
LITACO_////_CP_OR;Litacold Comprimé, B/20X4;Boite;3939.900000;.000000
LITACO_100/_SP_OR;Litacold Sirop Fl, 100Ml;Boite;1196.000000;.000000
LIVREJOURN_COMMIS;Livre journal de commis;Boite;2000.000000;.000000
LOPERA_2///_GE_OR;Lopéramide 2mg gélule;Boite;.000000;.000000
LOPECH_2///_CP_OR;Lopéramide Chlorhydrate, 2 mg, Comprimés;Boite;6.220000;.000000
LOPINA_200/_CP_OR;Lopinavir 200mg Comprimé;Boite;.000000;.000000
LOPRIT_300/_SP_OR;Lopinavir/ritonavir 20mg/80mg/ml sirop 300ml;Boite;.000000;.000000
LOPRIT_166._CP_OR;Lopinavir+Ritonavir (133,3 + 33,3)mg Comprimé;Boite;.000000;.000000
LOPRIT_250/_CP_OR;Lopinavir+Ritonavir (200mg + 50)mg Comprimé;Boite;.000000;.000000
LOPRIT_50//_CP_OR;Lopinavir+Ritonavir (40mg + 10)mg Comprimé;Boite;.000000;.000000
LOPRIT_125/_CP_OR;Lopinavir+Ritonavir 100/25 MG CP (ALUVIA JUNIOR);Boite;.000000;.000000
LOPRIT_100/_SP_OR;Lopinavir+Ritonavir 80mg + 20mg/5ml Comprimé;Boite;.000000;.000000
LOVENO_6000_AM_IV;Lovenox 6000UI SINJ SER/2;Boite;9140.200000;.000000
LOXEN/_10//_SI_IV;Loxen 10MG/10ML Inj, AMP/5;Boite;6878.150000;.000000
LUBRIF_4.3M_GL_PC;Lubrifiant acqueux 4,3 ml, Sachet;Boite;.000000;.000000
LUBRIF_IANT///_//;Lubrifiants;Boite;.000000;.000000
LUGOLR_////_//_//;Lugol Fort, Iodine, 200ml;Kit;3700.000000;.000000
LUMOPER318B4_////;Lumocolor permanent pen 318, black, 4 pc With 1 refill;Boite;.000000;.000000
MACROG_4000_PO_10;Macrogol 4000 10mg Poudre orale;Boite;.000000;.000000
MAGNES_KIT////_//;Magnesium (Chronolab);Boite;.000000;.000000
MAGNSU_50%/_AM_IV;Magnésium Sulfate, 50%, 10ml, 50mg/10ml, ampoule;Boite;694.060000;.000000
MANNIT_10%/_SF_IV;Mannitol 10% 500 ml, Perf.;Boite;1629.800000;.000000
MANNIT_10%5_SF_IV;Mannitol 10%/500ml injection;Boite;.000000;.000000
MANNIT_20%/_SI_IV;Mannitol 20% injection;Boite;.000000;.000000
MASKSU_TYPEIIR_//;Mask Surgic, Type IIR, Tiestrap;Boite;.000000;.000000
MASKSH_FFP2N95_//;Masks FFP2 (N95) - 3M 9320;Boite;.000000;.000000
MASFAC_FFP2UU/_//;Masque facial FFP2, Usage Unique;Boite;.000000;.000000
MASFAC_UU/////_//;Masque facial, Usage Unique;Boite;.000000;.000000
MASTYP_N94////_//;Masque type n°94;Boite;.000000;.000000
MASQUE_CHIRURG_//;Masques Chirurgicaux;Boite;.000000;.000000
MEBEND_100/_SP_OR;Mébendazole  100 mg / 5 ml  flacon de 30 ml;Boite;264.000000;.000000
MEBEND_2%//_SP_OR;Mébendazole 100 mg / 5 ml  flacon de 100 ml;Boite;435.600000;.000000
MEBEND_100/_CP_OR;Mébendazole 100 mg, sous blister, Comprimés;Boite;29.040000;.000000
MEBEND_500/_CP_OR;Mébendazole 500 mg Comprimé;Boite;.000000;.000000
MECTIZ_3MG/_CP_OR;Mectizan 3 mg, comp;Comprimé;.000000;.000000
COMBI/_////_//_//;Medi Test Combi II (Cybow);Boite;.000000;.000000
MEDPRO_GOGGLE/_CU;Medical Protective Goggle;Boite;.000000;.000000
MASKMP_MEDICAL_//;Medical Protective Mask;Boite;.000000;.000000
MASMED_SURGIC/_//;Medical surgical mask;Boite;.000000;.000000
PROGME_104/_AM_SC;Médroxyprogesterone Acétate 104mg/0.65ml;Boite;72.600000;.000000
MENTHO_100/_CR_CU;Mentholatum DEEP HEAT POM/100G;Boite;3159.050000;.000000
MEPROB_400/_CP_OR;Méprobamate 400mg comprimé;Boite;.000000;.000000
MESNA/_100/_SI_IV;Mesna 100mg/ml/4ml injection;Boite;.000000;.000000
MESNA/_600/_CP_OR;Mesna 400mg comprimé;Boite;.000000;.000000
METAMI_500/_SI_IV;Métamizole 500mg/5ml ,ampoule;Boite;132.000000;9835.000000
METANI_0.5/_SI_IV;Metanizole 2,5g/5ml injection;Boite;.000000;.000000
METFOR_500/_CP_OR;Métformine 500mg comprimé;Boite;15.180000;.000000
METHOT_25//_CP_OR;Méthotrexate 25mg comprimé;Boite;.000000;.000000
METHOT_25//_SI_IV;Méthotrexate 25mg injection;Boite;.000000;.000000
PREDME_10//_SI_IV;Méthyl prednisolone 20mg/2ml injection;Boite;.000000;.000000
PREDME_20//_SI_IV;Méthyl prednisolone 40mg/2ml injection;Boite;1208.650000;320.000000
DOPAME_250/_CP_OR;MéthylDopa (Alpha) 250mg, Comprimé;Comprimé;22.230000;.000000
ERGOME_0.12_CP_OR;Méthylergométrine 0,125mg comprimé;Boite;2.970000;.000000
ERGOME_0.2/_SI_IV;Méthylergométrine 0,2mg injection;Boite;.000000;.000000
ERGOME_125B_CP_OR;Méthylergométrine 125 µg, Comprimés;Boite;2.970000;.000000
ERGOMA_200B_SI_IV;Méthylergométrine Maléate 200 µg/ml 1 ml, ampoule;Boite;26.860000;.000000
PREDME_60//_SI_IV;Methylprednisolone 120mg/2ml injection;Boite;.000000;.000000
METOCH_5///_AM_IV;Métoclopramide Chlorhydrate 5 mg/ml, 10 mg/2ml, ampoule;Boite;158.400000;.000000
METOCH_10//_CP_OR;Métoclopramide Chlorhydrate, 10mg, Comprimés;Boite;7.920000;.000000
METOPI_10//_SI_IV;Métopimazine 10mg injection;Boite;.000000;.000000
METOPI_7.5/_CP_OR;Métopimazine 7,5mg comprimé;Boite;.000000;.000000
METRON_25//_SP_1I;Métronidazole 125 mg / 5 ml, 100 ml susp;Boite;759.000000;2042.000000
METRON_25//_SP_OR;Metronidazole 125mg/5ml sirop;Boite;.000000;.000000
METRON_250/_CP_OR;Métronidazole 250 mg, sous blister, Comprimés;Boite;15.680000;78700.000000
METRON_500/_CP_OR;Métronidazole 500 mg comprimé;Boite;15.840000;60400.000000
METRON_500/_CP_VA;Metronidazole 500mg Ovule;Boite;.000000;.000000
METRON_5///_AM_IV;Métronidazole 5mg/ml 500mg/100ml, (Perfusion) 100ml;Boite;646.800000;12020.000000
METRBE_25//_SP_OR;Métronidazole Benzoate 125 mg / 5 ml, Sirop, Flacon de 100 ml;Boite;285.970000;.000000
METUBI_500/_AM_IV;Métronidazole UBI 500S.INJ 100ML;Boite;1121.250000;.000000
MICONA_2%//_GL_TR;Miconazole 2% Gel;Boite;.000000;.000000
MICONA_2%//_PM_TR;Miconazole 2% Pommade ;Boite;.000000;.000000
MICONA_2%//_CR_30;Miconazole Nitrate crème 2% 30 g, tube;Boite;404.980000;.000000
MICOZA_2%//_PM_TR;Micozal crême 2% T/15G;Boite;1388.050000;.000000
MICROPCRPRIN_////;Micro PCR Printer;Ampoule;.000000;.000000
MICROC_SCRE1.5_//;Microcentrifuge 1,5ml screw cap;Kit;.000000;.000000
MICROC_SCRE2ML_//;Microcentrifuge 2ml screw cap;Kit;.000000;.000000
MICROG_////_CP_OR;Microgynon(EDFE) Boite de 3 cycles,comprimés;Boite;59.000000;.000000
MICROL_////_CP_OR;Microlut, Boite/3cycle;Boite;177.000000;.000000
MICPIP_100-10J_//;Micro-pipette 100-1000;Boite;.000000;.000000
MICPIP_10-100/_//;Micro-pipette 10-100;Boite;.000000;.000000
MICPIP_5-50///_//;Micro-pipette 5-50;Boite;.000000;.000000
MICPCR_///////_//;Microplaque PCR demi-jupe;Boite;.000000;.000000
MICROC_///////_//;Microscope Carl Zeiss Primo Star;Boite;.000000;.000000
MICELE_XSZ107B_//;MICROSCOPE ELECTRIQUE + SALAIRE (MIXTE) XSZ-107BN;Boite;550000.000000;.000000
MICRLENSCLEA_P///;Microscope lens cleaning paper;Boite;.000000;.000000
MICROL_///////_//;MICROSCOPE OLYMPUS;Boite;.000000;.000000
MICRPRIM_ILEDIDC/;Microscope Primo star with iLED IDC LED;Boite;.000000;.000000
MICSLI_100////_//;Microscope Slide box polysterene for 100 slid;Boite;.000000;.000000
MICBAD_///////_//;Microseal B Adhesive Seal;Boite;.000000;.000000
MICTUB_CA1.5ML_//;Microtube 1,5ml avec capsule;Boite;.000000;.000000
MICTUB_2ML////_//;Microtube plastic stérile 2ml screw caps;Boite;.000000;.000000
MICTUB_PALS2ML_//;Microtube Plastique Sterile 2ml screw;Boite;.000000;.000000
MICTUB_2MLMCT/_//;Microtube plastique, MCT, à centrifuger, 2ml, graduated natural;Tube;.000000;.000000
MIDAZO_5///_SI_IV;Midazolam 5 mg/ml injection;Boite;.000000;.000000
MINRES_///////_//;Minuterie Respiratoire;Boite;.000000;.000000
MISFEM_200/_CP_OR;MISOFEM 200MG, B/4;Boite;741.750000;.000000
MISOPR_////_//_VA;Misoprostol;Comprimé;150.000000;.000000
MITEFO_////_CP_OR;Mitefocine comprimé;Boite;.000000;.000000
TESTELISAHCV_AB//;Monolisa ANTI-HCV PLUS V3;Boite;.000000;.000000
TESTELISAHBS_AG//;Monolisa HBSs Ag Ultra;Boite;.000000;.000000
MORPHI_10//_CP_OR;Morphine 10mg comprimé;Boite;.000000;.000000
MORPHI_2///_SP_OR;Morphine 10mg/5ml Solution orale;Boite;.000000;.000000
MORPHI_10//_SI_IV;Morphine 10mg/ml injection;Boite;.000000;.000000
MORPCH_10//_AM_IV;Morphine Chlorydrate 10mg/ml (1%) 1 ml, ampoule;Boite;819.700000;.000000
MPIHIV_1-2/DC/_//;m-PIMA HIV 1/2 Detect Cartridge;Boite;.000000;.000000
MPIHIV_1-2/VL/_//;m-PIMA HIV 1/2 VL;Boite;.000000;.000000
MTBPLUS/////_50//;MTB Plus, kit de 50 tests;Boite;.000000;.000000
MTBSAMPPRET/_50//;MTB Sample Pre-treatment, pack of 50 tests;Boite;.000000;.000000
MTBCLO_KIT////_//;MTBC detec Kit loopam, 96 tests;Boite;.000000;.000000
MTBRIFDX////_50//;MTB-RIF Dx, kit de 50 tests;Boite;.000000;.000000
MUKEST_200/_CP_OR;Mukestat 200 CP, B/10;Boite;2866.950000;.000000
VITAMM_////_SP_10;Multivitamine sirop 100ML;Boite;825.000000;230.000000
VITAMM_////_SP_20;Multivitamine sirop flacon de 30 ml;Boite;495.000000;.000000
VITAMM_////_CP_OR;Multivitamines, sous blister, Comprimés;Boite;6.600000;.000000
TESTANTIHCV/_V4//;Murex Anti HCV V4, test;Boite;.000000;.000000
TESTHBSAGV3/_////;Murex HBs Ag V3;Boite;.000000;.000000
TESTHIV1.2.0_////;Murex HIV 1.2.0;Boite;.000000;.000000
DISPRESP_N95/////;N95 Disposable respirator;Boite;.000000;.000000
NALOXO_0.4/_SI_IV;Naloxone 0,4mg/ml injection;Boite;.000000;.000000
NALOCH_400B_AM_IV;Naloxone Chlorhydrate 400µmg/ml 1ml, ampoule;Boite;604.700000;.000000
NELFIN_250/_CP_OR;Nelfinavir 250 mg comprimé;Boite;.000000;.000000
NELTIM_150/_SI_IV;Neltimicine 150mg injection;Boite;.000000;.000000
NELTIM_25//_SI_IV;Neltimicine 25mg injection;Boite;.000000;.000000
NELTIM_50//_SI_IV;Neltimicine 50 mg injection;Boite;.000000;.000000
NEOBAC_0.5%_PM_CU;Néomycine + Bacitracine pommade 0.5% + 500 UI/g, 15g, tube;Boite;385.580000;.000000
NEOBAC_5///_PM_TR;Néomycine Bacitracine 5mg + 250UI Pommade ;Boite;.000000;.000000
NEVIRA_200/_CP_OR;Névirapine 200mg Comprimé;Boite;.000000;.000000
NEVIRA_10//_SO_1I;Névirapine 50mg/5ml, 100ml suspension;Boite;.000000;.000000
NICLOS_500/_CP_OR;Niclosamide  500 mg, sous blister, Comprimés;Boite;17.230000;.000000
NICOTI_1LU/_SP_OR;Nicotinamide 100 000UI sirop;Boite;.000000;.000000
NICOTI_50//_CP_OR;Nicotinamide 50mg comprimé;Boite;.000000;.000000
NICOTI_50//_SI_IV;Nicotinamide 50mg injection;Boite;.000000;.000000
NIFEDI_10//_CP_OR;Nifédipine 10 mg, sous blister, Comprimés;Boite;7.520000;.000000
NIFEDI_20//_CP_OR;Nifédipine 20 mg, sous blister, Comprimés;Boite;19.800000;.000000
NIFLUG_2.5%_PM_CU;Niflugel 2,5% GEL T/60G;Boite;1708.900000;.000000
NIFURT_120/_CP_OR;Nifurtimox 120mg comprimé;Boite;.000000;.000000
NIPRPO_36//_IP_CU;Niprile Polymère 36mg Implant ;Boite;.000000;.000000
NIGLOV_6-7////_//;Nitril gloves size 6-7 none disposable;Boite;.000000;.000000
NIGLOV_7-8////_//;Nitril gloves size 7-8 none disposable;Boite;.000000;.000000
NIGLOV_8-9////_//;Nitril gloves size 8-9 none disposable;Boite;.000000;.000000
NITRGLOV_NSSIZE-L;Nitrile glove non sterile powder free, size L;Boite;.000000;.000000
NONOXY_100/_CP_OR;Nonoxynol-9  ( Spermicide ) 100 mg, Comprimés;Boite;3.630000;.000000
MASKMS_NOREOXM_//;Non-Rebreathing Oxygen Mask Medium size;Boite;.000000;.000000
NOREPI_////_AI_IV;Norépinéphrine (Noradrénaline);Boite;.000000;.000000
NORENA_200/_SI_IV;NoresthisteroneEnantate 200mg/ml injection;Boite;.000000;.000000
NORETH_5///_CP_OR;Norethisterone 5mg comprimé;Boite;.000000;.000000
NORGES_0.07_CP_OR;Norgestrel 0,075mg comprimé;Boite;.000000;.000000
NOETFE_75.1_SI_IV;Norgestrel+Ethinylestradiol+Fumarate ferreux 0,15+0,03+75mg injection;Boite;.000000;.000000
NOETFE_75.3_CP_OR;Norgestrel+Ethinylestradiol+Fumarate ferreux 0,3+0,03+75 mg comprimé;Boite;.000000;.000000
LEVONO_1.5/_CP_OR;Norlevo 1.5 mg (Levonorgestrel 1,5mg) comprimé;Boite;800.000000;.000000
NOSCAP_15//_CP_OR;Noscapine 15 mg, Comprimés sous blister ;Boite;16.230000;.000000
NOTICEQCOVID/_IFU;Notice Q-COVID-19 IFU-Multi langue;Boite;.000000;.000000
NOVDUO_////_CP_OR;Novelle DUO Comprimés, B/2 cycles;Boite;60.000000;.000000
NYSTAT_1LU/_SP_10;Nystatine 100 000 UI / 5ml, Suspension Buvable, 100 ml;Boite;858.000000;10.000000
NYSTAT_1LU/_SP_30;Nystatine 100 000 UI / 5ml, Suspension Buvable, 30 ml;Boite;858.000000;1976.000000
NYSTAT_1LU/_CP_VA;Nystatine 100 000UI Comprimé Vaginal;Boite;46.200000;.000000
NYSTAT_5LU/_CP_OR;Nystatine 500 000UI Comprimé;Boite;61.380000;.000000
OBJECT_40X////_//;Objectif 40X;Boite;.000000;.000000
OCYTOC_10U/_AM_IM;Ocytocine 10 UI/ml , 1 ml, ampoule;Boite;112.790000;11250.000000
OFLOXA_1.5/_GO_AU;Ofloxacine 1,5ml Gouttes;Boite;.000000;.000000
OFLOXA_200/_CP_OR;Ofloxacine 200mg Comprimé;Boite;.000000;.000000
OFLOXA_200/_SI_IV;Ofloxacine 200mg injection;Boite;.000000;.000000
OMEPRA_20//_CP_OR;Oméprazole 20mg Gel /comprimé;Boite;29.040000;60000.000000
OMEPRA_40//_SI_IV;Oméprazole 40mg/perfusion injection;Boite;706.000000;199.000000
ONDANS_2///_SI_IV;Ondansétron 2mg/ml/2ml injection;Boite;.000000;.000000
ONDANS_4///_CP_OR;Ondansétron 4mg comprimé;Boite;.000000;.000000
ONDANS_0.8/_SP_OR;Ondansétron 4mg/5ml sirop;Boite;.000000;.000000
ONDANS_8///_CP_OR;Ondansétron 8mg comprimé;Boite;.000000;.000000
TESTHIVONEST_////;One step HIV;Kit;.000000;.000000
ONSTMA_HRP/_//_//;One Step Malaria HRP-II And PLDH + Gant D'examen NS (7-8) P2;Boite;.000000;.000000
OPTWEL_96/////_//;Optical 96-Well, Reaction plate;Boite;.000000;.000000
OPCLAD_SHEETS/_//;Optical Clear adhesive seal sheets (PCR film seal adhesive);Boite;.000000;.000000
ORAQUI_KIT////_//;Oraquick  HIV 1/2 TEST KIT DE 100;Boite;.000000;.000000
ORAZIN_////_//_SA;Orasel - Zinc;Boite;627.000000;.000000
OSELTA_30//_CA_OR;Oseltamivir 30mg Capsule;Boite;.000000;.000000
OSELTA_75//_CA_OR;Oseltamivir 75mg Capsule;Boite;.000000;.000000
OXALIP_5///_SI_IV;Oxaliplatine 5mg/ml injection;Boite;.000000;.000000
OXYBUP_0.40_CO_OC;Oxybuprocaïne 0,40/10ml Collyre;Boite;.000000;.000000
MASOXY_RESEBAG_//;Oxygen mask with reservoir bag;Boite;.000000;.000000
OXYGEN_////_SH_OR;Oxygène Inhalation;Boite;.000000;.000000
PANADO_500/_CP_OR;Panadol Extra 500MG CP, B/20;Boite;1071.800000;.000000
PAPTOW_///////_//;Paper towel box;Boite;.000000;.000000
PAPTOW_DISPWAL_//;Paper towel dispenser, wall mounted;Boite;.000000;.000000
PATOWE_///////_//;Paper towels for single use;Boite;.000000;.000000
PAPIER_CIRC110_//;Papier Circulaire filtre 110 nm;Boite;.000000;.000000
PARDIC_550/_CP_OR;Paracétamol + Diclo 500/50 mg, Comp;Boite;38.280000;.000000
PARACE_100/_CP_OR;Paracétamol 100mg Comprimé;Boite;.000000;.000000
PARACE_100/_SU_RE;Paracétamol 100mg Suppositoire;Boite;.000000;.000000
PARACE_10//_SF_IV;Paracétamol 10mg/ml Injection (perfusion);Ampoule;1320.000000;9837.000000
PARACE_24//_SP_OR;Paracétamol 120mg/5ml sirop;Boite;759.000000;.000000
PARACE_24//_SP_1I;Paracétamol 120mg/5ml, Suspension Buvable, 100 ml;Boite;759.000000;3685.000000
PARACE_150/_SU_RE;Paracétamol 150mg Suppositoire;Boite;66.660000;.000000
PARACE_200/_CP_OR;Paracétamol 200mg Comprimé;Boite;.000000;.000000
PARACE_250/_CP_OR;Paracetamol 250 mg, sous blister, Comprimés;Boite;.000000;.000000
PARACE_300/_SU_RE;Paracétamol 300mg Suppositoire;Boite;95.700000;.000000
PARACE_500/_CP_OR;Paracetamol 500 mg, sous blister, Comprimés;Boite;9.900000;1325600.000000
PARACE_600/_AM_IV;Paracetamol 600 mg / 4ml  (IM/IV) B/5;Boite;.000000;.000000
PARACE_80//_SU_RE;Paracétamol 80mg Suppositoire;Boite;.000000;.000000
PARACE_500/MG_IM/;Paracetamol Parex 300mg IM/IV;Boite;165.000000;7200.000000
PARTFILTMASK_////;Particle filtering half mask (Medical);Boite;.000000;.000000
PCRPLA_HOLES//_//;PCR Plate Holes;Boite;.000000;.000000
PEMUEL_//////////;Pediatric Multifunction Electrode Pads;Boite;.000000;.000000
PENIG/_5MU/_SI_IM;Pénicilline  G (Benzyl Pénicilline) 5MUI injection;Boite;.000000;.000000
PENART_///////_//;Pénis Artificiel (Phallus);Boite;3500.000000;.000000
PENTAM_300/_SI_IV;Pentamidine 300 mg/Flacon injection;Boite;.000000;.000000
PENTAZ_30//_AM_IV;Pentazocine 30 mg/ml 1ml, ampoule;Boite;534.600000;.000000
PEREPI_21G////_//;Perfuseur plus Epicranniene 21 G;Boite;.000000;.000000
PERFUS_////_SF_IV;Perfuseur Set, Set;Boite;185.000000;3405.000000
PEREPI_23G////_//;PERFUSEUR+EPICRANIEN N° 23 G ;Boite;.000000;.000000
PEREPI_25G////_//;PERFUSEUR+EPICRANIEN N° 25 G ;Boite;.000000;.000000
PERIDY_10//_CP_OR;Peridys 10MG Comp, B/12;Boite;1297.200000;.000000
PERMAN_500/_PO_OR;Permanganate de Potassium  500mg sachet;Boite;.000000;.000000
PERMAN_500/_CP_OR;Permanganate Potassique 500 mg, comprimé ;Boite;.000000;.000000
PESBEB_RGZ-20/_//;PESE BEBE RGZ-20;Boite;77000.000000;.000000
PESBEB_///////_//;Pèse Bébé Salter (Suspension );Boite;.000000;.000000
PESPER_130KG//_//;PESE PERSONNE CAMRY 130KG;Boite;33000.000000;.000000
PESPER_160////_//;Pèse Personne Simple 160kg;Boite;.000000;.000000
PETHID_50//_SI_IV;Péthidine 50mg/ml injection;Boite;.000000;.000000
PETHCH_50//_AM_IV;Péthidine Chlorydrate 50mg/ml, 100mg/2ml, ampoule;Boite;600.500000;.000000
PHENOB_100/_CP_OR;Phénobarbital 100 mg, sous blister, Comprimés;Boite;72.600000;.000000
PHENOB_50//_CP_OR;Phénobarbital 50mg comprimé;Boite;.000000;.000000
PHENOB_100/_AM_IV;Phénobarbital Sodique 100 mg/ml, 200 mg / 2ml, ampoule;Boite;282.560000;.000000
PHECRI_1000G//_//;Phenol en cristaux, fl/1kg;Boite;.000000;.000000
PENIV/_250/_SB_OR;Phénoxyméthyl pénicilline 250mg/5ml Suspension orale;Boite;13.210000;.000000
PENIV/_250/_CP_OR;Phenoxymethylpenicilline ( Peni V) 250 000UI (250mg) Comprimé;Boite;33.000000;.000000
PENIV/_500/_CP_OR;Phenoxymethylpenicilline ( Peni V) 500 000UI (500mg) Comprimé;Boite;.000000;10000.000000
PHENYL_10%/_CO_OC;Phényléphrine10% Collyre injection;Boite;.000000;.000000
PHENYT_100/_CP_OR;Phenytoïne 100mg Comprimé;Boite;.000000;.000000
PHENSO_100/_CP_OR;Phénytoïne Sodique, 100mg, Comprimés;Boite;7.200000;.000000
PHLORO_10//_SI_IV;Phloroglucinol 10mg/ml, 40 mg/4ml, ampoule;Boite;462.000000;9600.000000
PHLORO_40//_SI_IV;Phloroglucinol 40mg/ml injection;Boite;.000000;.000000
PHLORO_80//_CP_OR;Phloroglucinol 80 mg , sous Blister , Comp;Boite;79.200000;34840.000000
PHYTOM_10//_SI_IV;Phytoménadione ((Vitamine K1) 10 mg/ml 1ml, ampoule;Boite;264.000000;24951.000000
PHYTOM_10//_CP_OR;Phytoménadione (Vitamine K1) 10 mg comprimé;Boite;.000000;.000000
PIMA//_FINGER/_//;Pima  Finger Stict Kit de 100;Boite;.000000;.000000
PIMA//_BEADSTA_//;Pima Bead Standard, Pièce;Boite;.000000;.000000
PIMABL_KIT////_//;Pima Blood Collection kit;Boite;.000000;.000000
PIMA//_CARTOUC_//;Pima Cartouche pour CD4;Boite;.000000;.000000
PIMA//_PRINTER_//;Pima Printer Paper Rouleau;Boite;.000000;.000000
PINDIS_SG18///_//;Pince à Disséquer SG 18cm;Boite;.000000;.000000
PINKOC_AG13///_//;Pince de Kocher AG 13cm;Boite;.000000;.000000
PINBOI_///////_//;Pince en bois;Boite;.000000;.000000
PIHECO_///////_//;Pince Hemostatique Courbe;Boite;.000000;.000000
PINKOC_SG16///_//;Pince Kocher Droit SG 16 cm;Boite;.000000;.000000
PIPOAI_16/////_//;Pince Porte Aiguille 16cm;Boite;.000000;.000000
PIPEMO_///////_//;Pinces petit model;Boite;.000000;.000000
PIPAJU_100-1J/_UL;Pipette ajustable 100-1000ul;Boite;.000000;.000000
PIPAJU_20-200/_UL;Pipette ajustable 20-200ul;Tube;.000000;.000000
PIPWES_///////_//;Pipette de Westergreen;Boite;.000000;.000000
PIPEEL_10-300/_UL;Pipette Electronique (10-300ul);Boite;.000000;.000000
PIPTIP_4.96///_//;Pipette filter tips 60, 4*96;Kit;.000000;.000000
PIPGRA_10ML///_//;Pipette Graduée 10ml;Boite;.000000;.000000
PIPGRA_1ML////_//;Pipette Graduée 1ml/2ml;Boite;.000000;.000000
PIPGRA_5ML////_//;Pipette Graduée 5ml;Boite;.000000;.000000
PIPMIC_500BL//_//;Pipette Micrométrique 500µl, 1000µl;Boite;.000000;.000000
PIPPAS_1CC////_//;Pipette pasteur Plastique Volume 1cc;Tube;.000000;.000000
PIPPAS_3CC////_//;Pipette pasteur Plastique Volume 3cc;Boite;.000000;.000000
PIPPAS_4CC////_//;Pipette pasteur Plastique Volume 4cc;Unité;.000000;.000000
PIPPOT_///////_//;Pipette potain pour Globule rouge;Boite;.000000;.000000
PIPTIP_50.1000_//;Pipette Tip 50-1000 UL;Boite;.000000;.000000
PIPTIP_100-1J/_UL;Pipette Tip With Filter 100-1000ul;Tube;.000000;.000000
PIPTIP_1-200//_UL;Pipette Tip With Filter 1-200ul;Tube;.000000;.000000
PIPTIP_1-30///_UL;Pipette Tip With Filter 1-30ul;Tube;.000000;.000000
PIPTIP_2.20///_//;Pipette Tips 2-20 microlitres;Boite;.000000;.000000
PIPTIP_2.200UI_//;Pipette Tips 2-200 UI;Tube;.000000;.000000
PIPEFILT_60SET96/;Pipette-60 set + Filtered 4*96 tips;Boite;.000000;.000000
PIPETT_///////_//;Pipettes B/1000;Boite;.000000;.000000
PLACHA_///////_//;Plaque chauffante;Boite;.000000;.000000
PLAMIC_///////_//;Plaque de Microtitration;Boite;.000000;.000000
PLASMA_30//_SF_IV;Plasma Substitut (Gélatine Modifiée) au moins 30g/litre 500 ml, Perf.;Boite;2847.900000;.000000
PLALOO_///////_//;PLASTIC LOOP;Boite;.000000;.000000
PLAHAR_450MM//_//;PLATEAU HARICOT (REINIFORME) 450 MM;Boite;18000.000000;.000000
PLAREC_23X21X3_//;Plateau Rectangulaire 23x21x3;Boite;.000000;.000000
POCCD4//_PRIN1000;PoC CD4 (abs) printer paper l 1000 tests;Boite;.000000;.000000
POCSAN_TRIL450_//;Poche à Sang triple 450 ml;Boite;.000000;.000000
POCSAN_250////_//;Poche à Sang, Souple, CPDA, poche 250 ml;Boite;1019.000000;.000000
POCSAN_450////_//;Poche à Sang, Souple, CPDA, poche 450 ml;Boite;1452.000000;115.000000
POCURI_VVNS2L/_//;Poche à Urine, avec Valve de Vidange, Non Stérile, 2 litres;Boite;500.000000;824.000000
POIELE_32X14//_//;Poissonnière Electrique 32x14x5.6;Boite;.000000;.000000
POLIDO_2///_AI_IV;Polidocanol 2ml injection;Boite;.000000;.000000
POLYGY_12//_CV_VA;Polygynax Caps Vag/12;Boite;3650.100000;.000000
POLYGY_6///_CV_VA;Polygynax Caps Vag/6;Boite;2024.000000;.000000
POLYIO_250/_SF_IV;Polyionique 250ml solution;Boite;.000000;.000000
POLYVI_10%1_SC_1J;Polyvidone iodée 10% 100 ml, flacon doseur;Boite;1056.010000;.000000
POLYVI_10%1_SC_CU;Polyvidone iodée 10% 125 ml, flacon doseur;Boite;1320.000000;18033.000000
POLYVI_10%2_SC_CU;Polyvidone iodée 10% 200 ml, flacon doseur;Boite;1200.000000;.000000
POLYVI_10%5_SC_CU;Polyvidone iodée 10% 500 ml, flacon doseur;Boite;1320.000000;.000000
POLYVI_10%/_SC_TR;Polyvidone iodée 125 ml vaginal;Boite;1056.010000;.000000
LAMMIC_100////_//;Porte Lame de microscope;Boite;.000000;.000000
PORTOI_24TUBE/_//;Portoir 24 tubes;Boite;.000000;.000000
PORTOI_56TUBE/_//;Portoir 56 tubes;Boite;.000000;.000000
POSITCONTRP1_8///;Positive Control Kit panel 1, kit de 8 tests;Boite;.000000;.000000
POSEMI_TYPEII/_//;Poste de sécurité microbiologique de type II;Boite;.000000;.000000
POTCRA_///////_//;Pot à Crachat;Boite;110.000000;.000000
POTSEL_///////_//;Pot à Selle;Boite;109.470000;.000000
POTURI_40/////_//;Pot à Urine 40 ml;Boite;110.000000;.000000
POTASS_KIT////_//;Potassium;Boite;.000000;.000000
POTACH_10%/_AM_IV;Potassium Chlorure 10% 1 g (13 méq) / 10 ml, ampoule;Boite;191.400000;1200.000000
POTPER_///////_//;Potence à Perfusion;Boite;.000000;.000000
POTTUB_////_//_//;Potoire pour Tube à Essai;Ampoule;.000000;.000000
POWESAFR_SOCK;Power safety socket;Boite;.000000;.000000
PRAZIQ_600/_CP_OR;Praziquantel 600 mg comprimé;Boite;.000000;.000000
PREDNI_10//_CP_OR;Prednisolone 10mg Comprimé;Boite;.000000;.000000
PREDNI_15//_CP_OR;Prednisolone 15mg Comprimé;Boite;.000000;.000000
PREDNI_20//_CP_OR;Prednisolone 20mg comprimé;Boite;.000000;.000000
PREDNI_25//_CP_OR;Prednisolone 25 mg comprimé;Boite;.000000;.000000
PREDNI_30//_CP_OR;Prednisolone 30mg Comprimé;Boite;.000000;.000000
PREDNI_40//_CP_OR;Prednisolone 40mg Comprimé;Boite;.000000;.000000
PREDNI_5///_CP_OR;Prednisolone 5 mg, Comprimés;Boite;19.800000;.000000
PREDNI_5///_SI_IV;Prednisolone 5mg/ml injection;Boite;1130.000000;.000000
PREDPH_1.78_GO_NA;Prednisolone phosphate 17,8mg/10ml Gouttes nasales;Boite;.000000;.000000
PREDPH_20//_CP_OR;Prednisolone phosphate 20mg comprimé;Boite;.000000;.000000
PREDPH_5///_CP_OR;Prednisolone phosphate 5mg comprimé;Boite;.000000;.000000
PVRMED_A4/////_//;Procès Verbal de reception des médicaments A4;Boite;.000000;.000000
PROFEN_100/_CP_OR;Profenid 100MG CP, B/2x15;Boite;2814.050000;.000000
PROMET_2%//_CR_CU;Prométhazine 2% crème;Boite;.000000;.000000
PROMET_25//_CP_OR;Prométhazine 25 mg comprimé;Boite;.000000;.000000
PROMET_25//_SI_IV;Prométhazine 50mg/2ml injection;Boite;.000000;.000000
PROMET_1///_SP_OR;Prométhazine 5mg/5ml sirop;Boite;.000000;.000000
PROMCH_25//_AM_IV;Prométhazine Chlorhydrate 25 mg/ml 50 mg / 2 ml, ampoule;Boite;85.070000;.000000
PROPIP_10/////_//;Propipette 10 ml;Boite;.000000;.000000
PROPOF_10//_SI_IV;Propofol 10mg/1ml   injection;Boite;.000000;.000000
PROPRA_40//_CP_OR;Propranolol 40 mg,  Comprimés;Boite;3.090000;.000000
PROPRA_1///_AM_IV;Propranolol Chlorhydrate 1 mg/ml 1ml, ampoule;Boite;2254.600000;.000000
THIOPR_60//_CP_OR;Propylthiouracile 60mg comprimé;Boite;.000000;.000000
PROTAM_10//_SI_5/;Protamine sulfate 10mg/ml/5ml injection;Boite;.000000;.000000
PROTSU_10//_SI_IV;Protamine Sulfate, 50mg/5ml, ampoule;Boite;1558.000000;.000000
MASKPR_3M1862F_//;Protective mask 3M type 1862+/FFP2;Boite;.000000;.000000
PROTEINKBUF/_B1ML;Proteinase K, buffer solution 1ml;Ampoule;.000000;.000000
PROTEINKREC/_R100;Proteinase K, recombinant 100 mg PE;Boite;.000000;.000000
PROTEK_100/_PO_//;Proteine K, 1*100mg;Boite;.000000;.000000
PROTHI_125/_CP_OR;Prothionamide 125mg Comprimé;Boite;.000000;.000000
PROTHI_250/_CP_OR;Prothionamide 250mg Comprimé;Boite;.000000;.000000
PROTOB_750/_SB_OR;Protoberbérine (extrait d'EnantiaClorenta) 750mg Solution buvable;Boite;.000000;.000000
PVCAPRONWM35_2825;PVC Apron, white means 35x28x25 ncm;Boite;.000000;.000000
PYRANT_50//_SP_OR;Pyrantel 50mg/ml sirop;Boite;.000000;.000000
PYRAZI_150/_CP_OR;Pyrazinamide 150mg Comprimé;Boite;.000000;.000000
PYRAZI_400/_CP_OR;Pyrazinamide 400mg Comprimé;Boite;.000000;.000000
PYRAZI_500/_CP_OR;Pyrazinamide 500 mg cp;Boite;.000000;.000000
PYRIDO_50//_CP_OR;Pyridoxine (Vitamine B6) 50mg comprimé;Boite;.000000;.000000
PYRIME_25//_CP_OR;Pyriméthamine 25 mg comprimé;Boite;66.000000;.000000
PYRIME_50//_CP_OR;Pyrimethamine 50mg comp;Boite;.000000;.000000
QUINID_200/_CP_OR;Quinidine 200mg comprimé;Boite;.000000;.000000
QUININ_20//_SP_OR;Quinine 100mg/5ml Sirop;Boite;1089.000000;.000000
QUININ_100/_SI_IV;Quinine 100mg/ml injection;Boite;.000000;.000000
QUININ_200/_CP_OR;Quinine 200mg Comprimé;Boite;.000000;.000000
QUININ_245/_SI_IV;Quinine 245mg/ml injection;Boite;.000000;.000000
QUININ_300/_CP_OR;Quinine 300mg Comprimé;Boite;73.000000;30000.000000
QUININ_300/_SI_IV;Quinine 300mg/ml injection;Boite;.000000;.000000
QUINDI_300/_AM_IV;Quinine Dichlorhydrate 300 mg/ml 600 mg / 2 ml, ampoule;Boite;297.000000;2000.000000
QUINRE_100/_AM_2/;Quinine Résorcine 100 mg/ml 200 mg/2ml, ampoule;Boite;96.620000;.000000
QUINRE_100/_AM_4/;Quinine Résorcine 100 mg/ml, 400 mg/4 ml, ampoule;Boite;211.200000;.000000
QUINSU_300/_CP_OR;Quinine Sulfate  300 mg, sous blister, Comprimés;Boite;66.000000;.000000
RACJON_CH12NS/_//;Raccord de Jonction Redon, Non Stérile pour drain CH 12;Boite;167.120000;.000000
RACJON_CH16NS/_//;Raccord de Jonction Redon, Non Stérile pour drain CH 16;Boite;216.760000;.000000
RANFER_////_GE_OR;Ranferon Gélule, B/100;Boite;4549.400000;.000000
RANITI_150/_CP_OR;Ranitidine 150mg, sous blister, comprimés;Boite;33.000000;.000000
RANITI_25//_SI_IV;Ranitidine 25mg/2ml injection;Unité;231.000000;.000000
RANITI_15//_SP_OR;Ranitidine 75mg/5ml sirop;Boite;.000000;.000000
RAPICL_1G//_CP_OR;Rapiclav 1G CP, B/14;Boite;4194.050000;.000000
RAPISARSCOV2_TE//;Rapid SARS COV-2 Antigen Test Card;Boite;.000000;.000000
TESTHIV1+2//_50TE;Rapid Test for Antibody to HIV (SHANGAI);Boite;.000000;.000000
RAMETR_RMT////_//;Rapport Mensuel de Trésorerie;Boite;4300.000000;.000000
RATRET_///////_//;Rapport trimestriel sur les résultats du traitement;Boite;.000000;.000000
RAVPOWER_20000MAH;Rav Power 20000 mAh;Boite;.000000;.000000
GROSAN_KIT/_//_//;Réactifs de groupage Sanguin;Ampoule;.000000;.000000
REAGENT_B1000ML//;Reagent Bottle 1000 ml;Boite;.000000;.000000
REABOT_1000ML/_//;Reagent bottle 1000ml;Boite;.000000;.000000
REABOT_100ML//_//;Reagent bottle 100ml;Boite;.000000;.000000
REAGENT/_B30ML///;Reagent Bottle 30 mL;Boite;.000000;.000000
REALTIMEQUAN_PCR/;Real Time quantitative micro PCR Analyzer;Ampoule;.000000;.000000
REDUCPAR_4PL50ML/;Reducing part , 4-place, size 13 for 50ml falcon tubes (ROTINA 380/38;Boite;.000000;.000000
REDUCPAR_9PL15ML/;Reducing part , 9-place, size 13 for 15ml falcon tubes (ROTINA 380/38;Boite;.000000;.000000
RECOJO_A3/////_//;Registre de Consommation Jornalière (A3);Boite;7995.000000;415.000000
RECOCU_///////_//;Régistre de Consultation Curative;Boite;.000000;.000000
REGLAB_///////_//;Registre de laboratoire;Boite;.000000;.000000
REGTUB_///////_//;Registre de traitement de la tuberculose;Boite;.000000;.000000
REGVEN_///////_//;Registre de Vente;Boite;.000000;.000000
REVEME_///////_//;Registre de vente par médicaments;Boite;.000000;.000000
RESUTABL_NEONATE/;Resuscitation table Neonate;Boite;.000000;.000000
RESUTABL_NEONATEA;Resuscitation table Neonate Accessoire;Boite;.000000;.000000
RETINO_1LU/_CA_OR;Rétinol (vit. A Palmitate) 100 000UI capsule;Boite;.000000;.000000
RETINO_2LU/_CA_OR;Rétinol (vit. A Palmitate) 200 000 UI capsule;Boite;.000000;.000000
REUSNITRGLOV_T7P/;Reusable Nitrile Gloves T7, Paire;Boite;.000000;.000000
REUSNITRGLOV_T8P/;Reusable Nitrile Gloves T8, Paire;Boite;.000000;.000000
REUSNITRGLOV_T9P/;Reusable Nitrile Gloves T9, Paire;Boite;.000000;.000000
REVRAD_AUTO///_//;Révélateur Film Radio, pour machine automatique, flacon de 5l;Boite;36300.000000;.000000
RHOCLO_300/_AM_IM;Rhoclone 300MG PDR+5.2ML, AMP/2;Boite;21629.200000;.000000
RIBAVI_200/_CP_OR;Ribavirine 200mg Comprimé;Boite;.000000;.000000
RIBAVI_400/_SI_IV;Ribavirine 400mg Comprimé;Boite;.000000;.000000
RIBAVI_600/_SI_IV;Ribavirine 600mg Comprimé;Boite;.000000;.000000
RIFISO_225/_CP_OR;Rifampicine ® + Isoniazide  150mg+75mg Comprimé;Boite;.000000;.000000
RIFISO_450/_CP_OR;Rifampicine ® + Isoniazide  300mg+150mg Comprimé;Boite;.000000;.000000
RIFISO_90//_CP_OR;Rifampicine ® + Isoniazide  60mg+30mg Comprimé;Boite;.000000;.000000
RIFISO_125//_CP_OR;Rifampicine ® + Isoniazide  75mg+50mg Comprimé;Boite;.000000;.000000
RIFAMP_150/_CP_OR;Rifampicine 150mg Comprimé;Boite;.000000;.000000
RIFAMP_300/_CP_OR;Rifampicine 300mg Comprimé;Boite;.000000;.000000
RIISET_500/_CP_OR;Rifampicine+Isoniazide+Ethambutol 150mg+75mg+275mg Cp;Boite;.000000;.000000
RIEPYR_900/_CP_OR;Rifampicine+Isoniazide+Ethambutol+Pyrazinamide150+75+275+400mg;Boite;.000000;.000000
RIISPY_240/_CP_OR;Rifampicine+Isoniazide+Pyrazinamide 60mg+30mg+150mg Comprimé;Boite;.000000;.000000
RIISPY_275/_CP_OR;Rifampicine+Isoniazide+Pyrazinamide 75mg+50mg+150mg Comprimé;Boite;.000000;.000000
RIFAMY_2.6%_GO_AU;Rifamycine 2,6% Gouttes auriculaires;Boite;.000000;.000000
RIFISO_600/_CP_OR;Rifapentine ® + Isoniazide  300mg+300mg Comprimé;Boite;.000000;.000000
RINGER_1000_SF_IV;Ringer  lactate (278mOsm/l)/1000ml Solution;Boite;.000000;.000000
RINGER_250/_SF_IV;Ringer  lactate (278mOsm/l)/250ml Solution;Boite;.000000;.000000
RINGER_500/_SF_IV;Ringer  lactate (278mOsm/l)/500ml Solution;Boite;.000000;.000000
RINGER_500-_SF_IV;Ringer Lactate 500 ml,Perf. ;Boite;759.000000;12000.000000
RITONA_100/_CP_OR;Ritonavir 100mg Comprimé;Boite;.000000;.000000
RITONA_80//_SP_OR;Ritonavir 80mg/ml sirop;Boite;.000000;.000000
FIVACR_///////_//;Road to health ou fiche de suivi de vaccination et de croissance;Boite;.000000;.000000
ROTAVI_////_SI_IM;Rotavirus injection;Boite;.000000;.000000
RUBHOT_////_GE_OR;Rubix Hot Gel T/30G;Boite;1114.350000;.000000
SROZIN_245/_PO_OR;S.R.O / O.R.S + ZINC,qsp 1l,Kit de 2 Sachets.;Boite;371.370000;.000000
SACAUT_12X24PL_//;Sac Autoclave 12*24 Plast;Boite;.000000;.000000
SACAUT_60X78PL_//;Sac Autoclave 60*78 Plast;Boite;.000000;.000000
SACAUT_8X12PL/_//;Sac Autoclave 8*12 Plast;Boite;.000000;.000000
SACISO_///////_//;Sac Isothermique;Boite;.000000;.000000
SACEMB_20X30//_//;Sachet d'emballage 20 x 30 cm 61 Microns;Boite;.000000;.000000
SACEMB_30X45//_//;Sachet d'emballage 30 x 45 cm 61 Microns;Boite;.000000;.000000
SACMIN_///////_//;Sachet minigrip, B/1000;Boite;3887.000000;.000000
SAPLEM_20X30//_//;Sachet plastique d'emballage avec logos (20 x 30 x 70);Boite;.000000;.000000
SAPLEM_40X60//_//;Sachet plastique d'emballage avec logos (40 x 60 x 70);Boite;.000000;.000000
SACPLA_8X10///_//;Sachet Plastique, Minigrip 8 cm * 10 cm, sachet;Boite;3.880000;.000000
SACPOU_///////_//;Sachets poubelles;Boite;.000000;.000000
SAFETY_BOX5L//_//;Safety Box 5 L (Boite de Sécurité), Unité;Boite;.000000;.000000
SAFETGOGGPCV/_////;Safety Goggles PCV;Boite;.000000;.000000
SALBUT_100B_CL_OR;Salbutamol 100microgrammes/dose Aérosol;Boite;.000000;.000000
SALBUT_1///_SU_RE;Salbutamol 1mg Suppositoire;Boite;.000000;.000000
SALBUT_2///_CP_OR;Salbutamol 2 mg,  sous blister, Comprimés;Boite;6.600000;.000000
SALBUT_4///_CP_OR;Salbutamol 4mg comprimé;Boite;.000000;.000000
SALBUT_500B_AM_IV;Salbutamol 500 µg/ml 1 ml, ampoule;Boite;86.390000;.000000
SALBUT_10B/_SI_IV;Salbutamol 50microgrammes/5ml injection;Boite;.000000;.000000
SALBAE_200/_CL_OR;Salbutamol Aérosol, 200 Doses;Boite;2617.400000;.000000
SAMUSC_KIT/_//_//;Samonella multi screening antigen;Boite;.000000;.000000
SAQUIN_200/_CP_OR;Saquinavir 200mg Comprimé;Boite;.000000;.000000
SAQUIN_500/_CP_OR;Saquinavir 500mg Comprimé;Boite;.000000;.000000
SAYANA_104/_AM_SC;Sayana Press 104mg/0,65ml, Inj;Boite;72.600000;.000000
SRO///_1000_PO_OR;Sel de Réhydratation Orale  (glucose + sodium + potassium + citrate +;Boite;.000000;.000000
SRO///_500/_PO_OR;Sel de Réhydratation Orale  (glucose + sodium + potassium + citrate +;Boite;.000000;.000000
SRO///_////_PO_OR;Sel de Réhydratation Orale (SRO) Sachets;Boite;594.000000;2000.000000
SRO///_245/_PO_OR;Sels de réhydratation orale (245 mOsm/litre) qsp 1 litre, sachet;Boite;59.580000;.000000
FER///_25//_SP_OR;Sels ferreux 25mg/ml sirop;Boite;.000000;.000000
FER///_60//_CP_OR;Sels ferreux 60mg comprimé;Boite;.000000;.000000
SENNE/_7.5/_CP_OR;Senné 7,5mg  comprimé;Boite;.000000;.000000
SERING_UU2CC//_//;SERINGUE 2 ML + AIGUILLE;Boite;.000000;.000000
SERAUT_1//////_//;Seringue Autoblocante 1ml;Boite;.000000;.000000
SERINS_100UI//_//;Seringue pour Insuline, 3 pièces, Luer, UU, 1cc, 100 UI;Boite;43.560000;.000000
SERING_UU10CC/_//;Seringue, 3 pièces, Luer, Usage Unique, 10cc;Boite;60.000000;500.000000
SERING_UU1CC//_//;Seringue, 3 pièces, Luer, Usage Unique, 1cc, grad; 1/100;Boite;43.560000;.000000
SERING_UU20CC/_//;Seringue, 3 pièces, Luer, Usage Unique, 20cc;Boite;72.430000;.000000
SERING_UU5CC//_//;Seringue, 3 pièces, Luer, Usage Unique, 5cc;Boite;47.000000;4300.000000
SERING_UU60CC/_//;Seringue, 3 pièces, Luer, Usage Unique, 60cc;Boite;.000000;.000000
SEANPO_///////_SC;Séruim Antivenimeux Polyvalent (INOSERP PAN-AFRICA);Boite;45000.000000;10.000000
SERVEI_////_AM_IM;Sérum Antivenimeux Polyvalent EBND;Boite;15000.000000;.000000
SERPHY_0.9%_CO_OC;Sérum physiologique 0,90% solution pour irrigation intra oculaire;Boite;.000000;.000000
SERVIE_///////_//;Serviettes en papier;Boite;.000000;.000000
SEVOFL_////_SH_OR;Sévoflurane Fl/250ml (250mg/250ml) inhalation;Boite;.000000;.000000
SHANGA_TEST///_//;Shangaï test HIV 1+2;Boite;.000000;.000000
MASOXY_SIMPLE/_//;Simple Oxygen mask;Boite;.000000;.000000
SIMVAS_10//_CP_OR;Simvastatine 10mg comprimé;Boite;.000000;.000000
SIMVAS_20//_CP_OR;Simvastatine 20mg comprimé;Boite;.000000;.000000
SIMVAS_40//_CP_OR;Simvastatine 40mg comprimé;Boite;.000000;.000000
SIMVAS_5///_CP_OR;Simvastatine 5mg comprimé;Boite;.000000;.000000
GAMMA/_////_SP_OR;Sirop Gamma (difeuines) flacon de 250 ml;Boite;.000000;.000000
SODIUM_KIT////_//;Sodium (Chronolab);Boite;.000000;.000000
SODIBI_1.4%_AM_IV;Sodium Bicarbonate 1,4% 10 ml;Boite;246.840000;.000000
SODIBI_8.4%_AM_IV;Sodium Bicarbonate 8.4% 1.68 g / 20 ml, vial;Boite;246.840000;.000000
SODICH_0.9%_SF_IV;Sodium Chlorure 0.9% 500 ml,Perf.;Boite;759.000000;10050.000000
SODICH_10%/_AM_IV;Sodium Chlorure 10% 10 ml, inj;Boite;81.380000;1200.000000
SOFLED_490/_CP_OR;Sofosbuvir 400 mg+Lédispavir 90 mg, B/28;Boite;.000000;.000000
SOFOSB_400/_CP_OR;Sofosbuvir 400mg comp;Boite;.000000;.000000
SODGLU_1000_SF_IV;Soluté mixte (glucosé+Nacl)  (5%+0,9%)/1000ml solution ;Boite;.000000;.000000
SODGLU_250/_SF_IV;Soluté mixte (glucosé+Nacl)  (5%+0,9%)/250ml solution ;Boite;.000000;.000000
SODGLU_500/_SF_IV;Soluté mixte (glucosé+Nacl)  (5%+0,9%)/500ml solution ;Boite;.000000;.000000
SOLCON_GLY////_//;Solution de contrôle glycemie;Boite;.000000;.000000
LAZARU_250/_//_//;Solution de Lazarus f/250 ml;Ampoule;.000000;.000000
MARCAN_250/_//_//;Solution de Marcano f/250 ml;Ampoule;.000000;.000000
SOHYAL_1000///_SC;Solution hydroalcoolique Fl/1000 ml;Boite;4000.000000;.000000
SOHYAL_125////_SC;Solution hydroalcoolique Fl/125 ml;Boite;750.000000;.000000
SOHYAL_250////_SC;Solution hydroalcoolique Fl/250 ml;Boite;.000000;.000000
SONGAS_ECCH10/_//;Sonde Gastrique, Embout Conique, Stérile, Usage Unique CH 10;Boite;94.050000;.000000
SONGAS_ECCH16/_//;Sonde Gastrique, Embout Conique, Stérile, Usage Unique CH 16;Boite;167.650000;.000000
SONGAS_ELCH6//_//;Sonde Gastrique, Embout Luer, Stérile, Usage Unique CH 6;Boite;86.150000;.000000
SONGAS_ELCH8//_//;Sonde Gastrique, Embout Luer, Stérile, Usage Unique CH 8 ;Boite;86.150000;.000000
SONNEL_16/////_//;Sonde Nelaton 16;Boite;.000000;.000000
SONVES_DB2CH10_//;Sonde Vésicale Droite à Ballonnet, 2 voies, Stérile, U U, CH10;Boite;1137.800000;.000000
SONVES_DB2CH14_//;Sonde Vésicale Droite à Ballonnet, 2 voies, Stérile, U U, CH14;Boite;528.000000;292.000000
SONVES_DB2CH16_//;Sonde Vésicale Droite à Ballonnet, 2 voies, Stérile, U U, CH16;Boite;528.000000;.000000
SONVES_DB2CH18_//;Sonde Vésicale Droite à Ballonnet, 2 voies, Stérile, U U, CH18;Boite;528.000000;104.000000
SONVES_DCH14//_//;Sonde Vésicale Droite sans Ballonnet SUU CH 14;Boite;174.900000;.000000
SONVES_DCH16//_//;Sonde Vésicale Droite sans Ballonnet,  Stérile, U U, CH16;Boite;755.700000;.000000
SPAROZ_10X05//_CU;Sparadrap, à l'Oxyde de Zinc, Micropef,Non Stérile 10cm x 5m,rouleau;Boite;1738.050000;.000000
SPAROZ_18X5///_CU;Sparadrap, à l'Oxyde de Zinc, Microperf.Non Stérile 18cm x 5m rouleau;Boite;3300.000000;.000000
SPASFO_4///_SI_IV;Spasfon AMP INJ 4ML, B/6;Boite;2236.750000;.000000
SPAAPO_50//_CP/OR;Spasmo-Apotel  500/10MG CP, B/20;Boite;2792.200000;.000000
SPECVACC_BOX6L///;Specimen/ vaccine transport box, 6 liter;Boite;.000000;.000000
SPUSUN_UU/////_//;Spéculum à Usage Unique;Boite;528.000000;.000000
SPECUL_UUL////_//;Speculum à UU large;Boite;.000000;.000000
SPECUL_UUM////_//;Speculum à UU moyen;Boite;.000000;.000000
SPECUL_STL////_//;Speculum ST large;Boite;.000000;.000000
SPECUL_STM////_//;Speculum ST moyen;Boite;.000000;.000000
SPHYNO_COM////_//;Sphynomanomètre Complet;Boite;.000000;.000000
SPHYNO_INC////_//;Sphynomanometre incomplet;Boite;.000000;.000000
SPIRAM_1.5M_CP_OR;Spiramycine 1,5MUI Comprimé;Boite;.000000;.000000
SPIRAM_3MU/_CP_OR;Spiramycine 3 MUI Comprimé;Boite;.000000;.000000
SPIRON_25//_CP_OR;Spironolactone 25mg comprimé;Boite;.000000;.000000
SPRHEA_1L/////_//;Spray head and 1L bottles (set of three elements);Boite;.000000;.000000
SPUTUM_SER80ML_//;Sputum container with screwcap 80 ml;Boite;.000000;.000000
STABIL_///////_//;Stabillo (marqueur indélébile);Boite;.000000;.000000
STAIRAC44.5/_34.5;Staining rack including tray 44,5cm x 34,5cm to catch excess stain;Boite;.000000;.000000
TESTSTANQHIV_SYP/;Standard Q HIV/Syphilis Combo Test 1+2;Ampoule;.000000;.000000
TESTCOVID19Q_AG//;Standard Q-COVID-19 Ag Test;Unité;.000000;.000000
STAVUD_1///_SP_OR;Stavudine 1 mg/1ml poudre pour solution buvable FL/200ml;Boite;.000000;.000000
STAVUD_15//_GE_OR;Stavudine 15mg gelules;Boite;.000000;.000000
STAVUD_20//_GE_OR;Stavudine 20mg gelules;Boite;.000000;.000000
STAVUD_30//_CA_OR;Stavudine 30 mg cap ;Boite;.000000;.000000
STAVUD_40//_GE_OR;Stavudine 40 mg gelule ;Boite;.000000;.000000
STERIL_10-250C_//;STERILISATEUR (POUPINEL) GRX-9053A 10-250°C 50L;Boite;715000.000000;.000000
STETES_SIM////_//;Stétescope simple double pavillon;Boite;.000000;.000000
SODIST_100/_SI_IV;Stibogluconatede Sodium 100mg/ml injection;Boite;.000000;.000000
STREPT_15LU_AI_IV;Streptokinase 1 500 000UI injection;Boite;.000000;.000000
STREPT_1000_SI_IV;Streptomycine 1g injection;Boite;.000000;.000000
SUFENT_50B/_SI_IV;Sufentanil 50microgrammes /10ml injection;Boite;.000000;.000000
SULFAD_1%//_CR_SC;Sulfadiazine argentique 1% crème;Boite;.000000;.000000
SULFAD_500/_CP_OR;Sulfadiazine, 500 mg, comprimé;Boite;15.600000;.000000
SUPYAM_2625_CP_OR;Sulfadoxine / pyriméthamine + Amod, 250/12.5mg + 75mg, Plaqt;Boite;.000000;.000000
SUPYAM_525/_CP_OR;Sulfadoxine / pyriméthamine + Amod, 500/25mg, + 150mg, Plaqt;Boite;.000000;.000000
SULPYR_525/_CP_OR;Sulfadoxine + pyriméthamine, 525 mg, bl cp;Boite;.000000;.000000
SULFAM_10//_SI_IV;Sulfaméthonium 100mg/10ml injection;Boite;.000000;.000000
MAGNSU_0.15_SI_IV;Sulfate de magnésium 1,5 g/10ml injection;Boite;.000000;.000000
ZINCSU_10//_CP_OR;Sulfate de Zinc 10 mg comprimé;Boite;45.000000;.000000
ZINC//_10//_SP_OR;Sulfate de Zinc 10mg/dosage sirop;Boite;.000000;.000000
ZINCSU_20//_CP_OR;Sulfate de Zinc 20 mg comprimé dispersible;Boite;.000000;.000000
SUPBBE_MULTIVI_//;Super Bébé (Multivitamine), sachet;Boite;15.000000;.000000
SURGOW_CUFCOTL_CU;Surgical gow with cuffs, cotton, Size L;Boite;.000000;.000000
SURGOW_CUFCOTM_CU;Surgical gow with cuffs, cotton, Size M;Boite;.000000;.000000
SURGOW_CUFCOTS_CU;Surgical gow with cuffs, cotton, Size S;Boite;.000000;.000000
SURGOW_CUFCOTX_CU;Surgical gow with cuffs, cotton, Size XL;Boite;.000000;.000000
SURGGOWNSTER_////;Surgical Gown (medical use), sterile, non;Boite;.000000;.000000
SUXACH_50//_AM_IM;Suxaméthonium Chlorhydrate 500 mg/10 ml ampoule;Boite;316.100000;.000000
TESTSYPHILIS_ULTR;Syphilis Ultra rapid test advice (whole blood/;Boite;.000000;.000000
TABLE/_CONINOX_//;TABLE CONSULTATION INOX AVEC SUPPORT POUR DRAP+RELEVE BUSTE;Boite;195000.000000;.000000
TAMOXI_10//_CP_OR;Tamoxifène 10mg comprimé;Boite;.000000;.000000
TANGAN_500/_CP_OR;Tanganil 500MG CP/30;Boite;3079.700000;.000000
TDL///_MANUEL/_//;TDL Manuel Pack;Boite;.000000;.000000
TDRCAS_0-5ANS/_//;TDR Care start 2 plasmodium 0-5 ans B/25;Tube;.000000;.000000
TDRMAG_0.5ANS/_//;TDR SD Malaria ag  pfan 3 plasmodium 0-5ans B/25;Tube;.000000;.000000
TEEMEF_1100_CP_OR;Tenofovir +Emtricitabine+Efavirenz 300mg+200mg+600mg Comprimé;Boite;.000000;.000000
TELADO_650/_CP_OR;Tenofovir 300 + Lamivudine 300 +Dolutégravir 50mg Cp;Boite;.000000;.000000
TENOFO_300/_CP_OR;Tenofovir 300mg Comprimé;Boite;2975.000000;.000000
TELANE_800/_CP_OR;Tenofovir 300mg+ Lamivudine 300mg+ Névirapine 200mg Comprimé ;Boite;.000000;.000000
TEEMNE_800/_CP_OR;Tenofovir+ Emtricitabine+Névirapine 300+300+200mg Comprimé;Boite;.000000;.000000
TELAEF_1000_CP_OR;Tenofovir+ Lamivudine+Efavirenz 300+300+400mg Cp;Boite;.000000;.000000
TELAEF_1200_CP_OR;Tenofovir+ Lamivudine+Efavirenz 300+300+600mg Cp;Boite;.000000;.000000
TENEMT_500/_CP_OR;Tenofovir+Emtricitabine 300mg + 200mg Comprimé;Boite;.000000;.000000
TENLAM_500/_CP_OR;Tenofovir+Lamivudine 300mg + 200mg Comprimé;Boite;.000000;.000000
TENLAM_600/_CP_OR;Tenofovir+Lamivudine 300mg + 300mg Comprimé;Boite;.000000;.000000
TELAAT_////_CP_OR;Tenofovir+Lamivudine+Atazanavir/r*1;Boite;.000000;.000000
TELALO_////_CP_OR;Tenofovir+Lamivudine+Lopinavir/r;Boite;.000000;.000000
TELASA_////_CP_OR;Tenofovir+Lamivudine+Saquinavir/r;Boite;.000000;.000000
TEELBR_M2/////_//;TENSIOMETRE ELECTRONIQUE A BRASSARD OMRON-M-2;Boite;33000.000000;.000000
TERBUT_0.5/_SI_II;Terbutaline 0,5mg/ml Injection sc, IM et IV;Boite;.000000;.000000
TEST//_ACIURIQ_//;Test Acide Urique, Kit;Kit;26400.000000;.000000
TEST//_ASATGPT_//;Test ALAT (GPT) 5x40ml+1x20ml, Unité;Kit;27000.000000;.000000
TEST//_ANTIHBS_//;Test Anti HBS, Kit;Kit;.000000;.000000
TEST//_ANTIHCV_40;Test Anti HCV Elisa V4.0, Kit;Kit;.000000;.000000
TEST//_ANTIHCV_//;Test Anti HCV Elisa, Kit;Kit;.000000;.000000
TEST//_ARROW96_//;Test Arrow Viral NA kit 96 UN 3316;Boite;.000000;.000000
TEST//_ASATGOT_//;Test ASAT (GOT) 5x40 ml+1x20 ml, Unité;Kit;41000.000000;.000000
TEST//_ASLO///_//;Test ASLO;Kit;235.000000;.000000
TEST//_BANTPHA_//;Test Bandelette TPHA;Kit;360.000000;.000000
TEST//_BANDE11_//;Test Bandelette urinaire COMBI 11;Kit;15000.000000;.000000
TEST//_BANDE02_//;Test Bandelette urinaire COMBI 2, B/100;Kit;4500.000000;.000000
TEST//_BANDE03_//;Test Bandelette urinaire COMBI 3;Kit;10500.000000;.000000
TESTHIVSYPHI_BIO/;Test Bioline HIV/Syphilis;Kit;.000000;.000000
TEST//_CALC300_//;Test Calcium, Kit;Kit;41000.000000;.000000
TEST//_CHOLEHD_//;Test Cholestérole HDL, Kit;Kit;40000.000000;.000000
TEST//_CHOLEL/_//;Test Cholestérole LR Total, Kit;Kit;40000.000000;.000000
TEST//_CONTRBI_//;Test Contrôle Biochimique 2x10 ml;Kit;43000.000000;.000000
TESTCOVID_TDR/_//;Test Corona Virus Ag Rapid Test;Boite;.000000;.000000
TESTCOVID_ABBO_//;Test Covid Abbot Panbio;Boite;.000000;.000000
TEST//_CREA400_//;Test Créatinine 400 ml, Kit;Kit;35000.000000;.000000
TEST//_GROSSPL_//;Test de Grossesse Plasmatique, B/40;Kit;43000.000000;.000000
TEST//_GROSSUR_//;Test de Grossesse urinaire, Unité;Kit;90.000000;.000000
TEST//_DIAGNRP_//;Test Diagnostique RPR;Kit;27000.000000;.000000
TEST//_CALC500_//;Test Glucose 500 ml, Kit;Kit;26400.000000;.000000
TEST//_GROUPAG_//;Test groupage sanguin (A-B-A+D et D);Kit;235.000000;.000000
HPILOR_KIT/_//_//;Test HELICOBATER Pilori CTK;Boite;960.000000;.000000
TEST//_MAGN250_//;Test Magnesium 250 ml, Kit;Kit;41000.000000;.000000
TEST//_PHOS250_//;Test Phosphore 250 ml, Kit;Kit;41000.000000;.000000
TEST//_RAPIHB5_//;Test Rapide HBV5;Kit;73000.000000;.000000
TEST//_REACASL_//;Test Réactif ASLO,;Kit;27000.000000;.000000
TEST//_REACTCR_//;Test Réactif CRP, Kit/100;Kit;23500.000000;.000000
TEST//_REAFACR_//;Test Réactif Facteur Rhumatoides;Kit;240.000000;.000000
TEST//_TPHALAT_//;Test Réactif TPHA, B/100;Kit;30500.000000;.000000
TESRUB_RUBEOLE_//;Test Rubéole, B/25;Kit;46740.000000;.000000
TESTCOVID_SUSA_//;Test Standard Q COVID Ag Test;Boite;.000000;.000000
TEST//_TDRACHP_//;Test TDR AC H-Pylori, ;Kit;32000.000000;.000000
TEST//_TDRAGHP_//;Test TDR AG H-Pylori, Kit/25;Kit;32000.000000;.000000
TEST//_TDRCHLA_//;Test TDR Chlamydia Ag, ;Kit;49200.000000;.000000
TEST//_TDRAGHB_//;Test TDR Hépatite B AgHBs Bandelette;Kit;1000.000000;.000000
TEST//_TDRACHV_//;Test TDR Hépatite C AcHVC Bandelette;Kit;1000.000000;.000000
TEST//_TDRRECT_//;Test TDR Réactif TORCH;Kit;80000.000000;.000000
TEST//_TDRSYPH_//;Test TDR Syphilis, Bandelette;Kit;27000.000000;.000000
TEST//_TRIG250_//;Test Triglyceride 250 ml, Kit;Kit;47000.000000;.000000
TEST//_URES250_//;Test Urée Sanguine 250 ml, Kit;Kit;30500.000000;.000000
TEST//_WIDAL//_//;Test Widal, Kit;Kit;235.000000;.000000
TESTOS_200/_SI_IV;Testostérone 200mg/ml injection;Boite;.000000;.000000
TETRAC_0.5%_CO_OC;Tétracaïne 0,5% Collyre ;Boite;.000000;.000000
TETRAC_0.01_PM_CU;Tétracycline 0,01% Pommade;Boite;.000000;.000000
TETRAC_1%//_PM_CU;Tétracycline pommade ophtalmique 1 % 5 g, tube;Boite;102.960000;.000000
THERMO_ELECTRO_//;Thermomètre Electronique;Boite;1287.000000;.000000
THERMOIN_ET1/////;Thermomètre infrarouge-ET1;Boite;.000000;.000000
THERMO_MEDCELS_//;Thermomètre Médical, graduations C°;Boite;435.580000;280.000000
THIAMP_750/_SI_IV;Thiamphenicol 750mg injection;Boite;.000000;.000000
THIOPE_500/_SI_IV;Thiopental sodique 0,5g injection;Boite;.000000;.000000
THIOPE_1000_SI_IV;Thiopental sodique 1 g injection;Boite;760.000000;.000000
SODITH_250/_CP_OR;Thiosulfate de Sodium 250 mg comprimé;Boite;.000000;.000000
SODITH_250/_SI_50;Thiosulfate de Sodium 250mg/ml/50ml Injection;Boite;.000000;.000000
TIMDIG_4DIGIT/_//;Timer digital, 4 digit programmable;Boite;.000000;.000000
TIMERINT_SPWO60//;Timer interval spring wound 60 minutes signal bell;Boite;.000000;.000000
TIMOLO_0.5%_CO_OC;Timolol 0,50% Collyre;Boite;.000000;.000000
PILOCA_2%//_CO_OC;Timolol 02% Collyre;Boite;.000000;.000000
TINIDA_500/_CP_OR;Tinidazole 500 mg comprimé;Boite;.000000;.000000
TOELAC_///////_//;Tondeuse Electrique et Accessoires;Boite;.000000;.000000
TOTAMI_////_//_//;Totamine concentré;Ampoule;.000000;.000000
TRABAR_100/_SI_IV;Trabar 100MG AMP INJ B/5;Boite;3289.000000;.000000
TRAMAD_50//_CP_OR;Tramadol  50mg comprimé, B/10;Boite;1934.300000;.000000
TRAMAD_50//_SI_IV;Tramadol  50mg Injection, B/5;Boite;2257.450000;.000000
TRAMAD_50DK_CP_OR;Tramadol DENK  50mg comprimé, B/10;Boite;2111.400000;.000000
TRAMAD_100/_SI_IV;Tramafil 100MG AMP INJ, B/10;Boite;4143.450000;.000000
TRAMAG_50//_CP_OR;Tramagen 50 CP, B/20;Boite;1385.750000;.000000
TRANLIGH_MIRRPRIM;Transmitted Light Mirror for Primo Star;Boite;.000000;.000000
TRASCASE_PRIMSTAR;Transport case for Primo Star;Boite;.000000;.000000
TRIAMC_40//_SI_IV;Triamcinolone 80mg /2ml injection;Boite;1320.000000;.000000
TRIHEX_2///_CP_OR;Trihexyphénidyle 2mg comprimé;Boite;.000000;.000000
TRIRUS_1260_CR_RE;Trimebutine + Rusgogenine 1,16g + 100mg/tube crème;Boite;.000000;.000000
TRIRUS_130/_SU_RE;Trimebutine + Rusgogenine 120mg + 10mg/suppo Suppositoire ;Boite;.000000;.000000
TRINIT_10//_IP_ID;Trinitrine 10mg/24heures Dispositif transdermique;Boite;.000000;.000000
TRINIT_500B_CP_SU;Trinitrine 500µg Comprimé sublingual;Boite;.000000;.000000
TRINIT_5///_IP_ID;Trinitrine 5mg/24heures Dispositif transdermique;Boite;.000000;.000000
TRIPTO_11.2_SI_IV;Triptoreline 11,25mg/dose injection;Boite;.000000;.000000
TUHEMO_PLAST//_//;Tube à Hémolyse (plastique) 10 cm;Boite;49.200000;.000000
TUHEMO_VERRE//_//;Tube à hémolyse en Verre;Boite;123.000000;.000000
TUBE//_CAPILLA_//;Tube CAPILLAIRE;Kit;.000000;.000000
TUBCIT_////_//_//;Tube citraté;Boite;100.000000;.000000
TUBE//_GLUCOSE_//;Tube Glucose 5ml;Kit;85.000000;.000000
TUBSEC_10ML///_//;Tube Sec 10ml;Boite;85.000000;.000000
TUBIOC_////_//_//;Tube sec de BIOCHIMIE;Boite;.000000;.000000
TUBVER_////_//_//;Tube Sec en Verre (à essai);Boite;85.000000;.000000
VACCUT_////_//_//;Tube sec Vaccutest;Boite;.000000;.000000
TUEDTA_////_//_//;Tube Vacutainer avec EDTA;Boite;85.000000;.000000
TUBE//_EPENDOR_//;Tubes ependorf stériles à UU,;Boite;100.000000;.000000
TUBES/_PREL5ML_//;Tubes pour prélèvement sous vide 5ml;Boite;.000000;.000000
TUBSIM_3.5////_//;TUBES SIMPLES 3.5 ML;Boite;.000000;.000000
TUBVAC_///////_//;Tubes Vacutainer;Boite;.000000;.000000
TUBTRA_UU/////_//;Tubulure pour Transfusion, Luer, Usage Unique, set complet;Boite;462.000000;1138.000000
TYPVIS_0.5/_AM_IM;Typhim VI SER 0,5ML, B/1;Boite;8069.550000;.000000
ULTRPORT_XRAYSYST;Ultra Portable Xray System;Boite;.000000;.000000
UNIVCARTSAMP_50//;Universal Cartridge Based sample Prep Kit of 50 tests;Boite;.000000;.000000
UPSPCMV/_3000VA12;UPS-PCM Vanguard 3000 VA with battery pack (12x7/9 Ah);Boite;.000000;.000000
UPSPCMV/_700VA4X7;UPS-PCM Vanguard 700 VA with battery pack (4x7Ah);Boite;.000000;.000000
VACHEP_0.5/_AM_IM;Vacc HEPATIS B 0,5ML, PED/1;Boite;4268.800000;.000000
VACHEP_BAD1_AM_IM;Vaccin Hepatitis B AD 1 DOSE, b/1;Boite;4268.800000;.000000
MACWYI_135/_AM_IM;Vaccin Méningoccocique A+C+Y+W 135 10 doses;Boite;.000000;.000000
VACVER_0.5/_AM_IM;Vaccin Verorab 0.5ML, B/1;Boite;7519.850000;.000000
VACUETTE_DISPTOUR;Vacuette disposable tourniquet;Boite;.000000;.000000
VACUETTE_K3EDTA6M;Vacuette K3EDTA 6ml;Boite;.000000;.000000
VACUBLOO_COLLTUBE;Vacuum Blood Collection tubes for laboratory use;Boite;.000000;.000000
VAKU8///_BLOCO21/;Vaku-8 Blood Collection Needle 21x1;Boite;.000000;.000000
VALURG_////_//_//;VALISE D'URGENCE;Boite;.000000;.000000
VENTOL_100/_CL_OR;Ventoline INH 100MCG 200D;Boite;2617.400000;.000000
ELECSUCTPUMP//_//;Venturi mask (with 6 diluters);Boite;.000000;.000000
VIFEX/_100/_SP_OR;Vifex SP Fl/100ML;Boite;1511.100000;.000000
VISIER_///////_CU;Visière de protection;Boite;.000000;.000000
VITBCP_////_SI_IV;Vitamin B complex injection  ;Boite;132.000000;26827.000000
VITAMC_1G//_CP_OR;Vitamina C 1G comprimé;Boite;81.700000;.000000
VITAMA_15JU_CO_OC;Vitamine A 15 000UI/10ml Collyre;Boite;.000000;.000000
VITBCP_////_CP_OR;Vitamines B Complexe (B1 +B6 +B12), sous blister, Comprimés;Boite;14.850000;.000000
VOGALE_10//_SI_IV;Vogalène Amp 10Mg/ml, B/1;Boite;2515.050000;.000000
WASTBAGS_DISPOSAL;Waste disposal bags orange, 27L, with biohazard label and temperatur;Boite;.000000;.000000
WATER/_MOBI100_//;Water for molecular biology 100ml;Boite;.000000;.000000
XPEMTB_50/////_//;Xpert MTB/RIF Ultra;Boite;.000000;.000000
XPEMTB_50//XDR_//;Xpert MTB/XDR kit de 50 tests;Boite;.000000;.000000
XRAYPROT_GLOVES//;Xray Protection Gloves Pairs;Boite;.000000;.000000
ZILALO_////_CP_OR;Zidovudine +Lamivudine+Lopinavir/r;Boite;.000000;.000000
ZIDOVU_100/_CP_OR;Zidovudine 100mg Comprimé;Boite;.000000;.000000
ZIDOVU_150/_CP_OR;Zidovudine 150mg Comprimé;Boite;.000000;.000000
ZIDOVU_300/_CP_OR;Zidovudine 300mg Comprimé;Boite;.000000;.000000
ZIDOVU_240/_SP_OR;Zidovudine 50 mg/5mg, solution orale, fl / 240 ml.;Boite;.000000;.000000
ZIDOVU_100/_SP_OR;Zidovudine 50 mg/5ml,solution orale, flacon de 100ml;Boite;.000000;.000000
ZIDOVU_10//_SP_OR;Zidovudine 50mg/5ml Sirop;Boite;.000000;.000000
ZILAAT_750/_CP_OR;Zidovudine+Lamivudine + Atazanavir 300mg + 150mg + 300mg Comprimé;Boite;.000000;.000000
ZILAAT_////_CP_OR;Zidovudine+Lamivudine + Atazanavir/r*;Boite;.000000;.000000
ZIDLAM_450/_CP_OR;Zidovudine+Lamivudine 300mg + 150mg Comprimé;Boite;116.940000;.000000
ZIDLAM_90//_CP_OR;Zidovudine+Lamivudine 60mg + 30mg Comprimé;Boite;.000000;.000000
ZILAEF_1050_CP_OR;Zidovudine+Lamivudine+Efavirenz 300+150+600mg Comprimé;Boite;.000000;.000000
ZILANE_650/_CP_OR;Zidovudine+Lamivudine+Névirapine 300+150+200mg Cp;Boite;.000000;.000000
ZILANE_140/_CP_OR;Zidovudine+Lamivudine+Névirapine 60+30+50mg Cp;Boite;.000000;.000000
KITZN/_STHOT//_//;Ziehi Neelsen (ZN) Staining Kit, Hot staining;Boite;.000000;.000000
ZYTHRO_250/_CP_OR;Zythromax (Azithromycine) 250mg, Comprimé;Comprimé;.000000;.000000
ZYTHRO_500/_CP_OR;Zythromax (Azithromycine) 500mg, Comprimé;Comprimé;287.000000;.000000
